race_id,anchor,opponent_cluster,opponent_count,quinella_tickets,quinella_hit,quinella_stake,quinella_return,quinella_roi,exacta_tickets,exacta_hit,exacta_stake,exacta_return,exacta_roi,wide_tickets,wide_stake,wide_return,wide_roi
2026-0704-02-01-07-01,アルテクィーン,ヌーンベルク,1,1,0,100,0.0,0.0,1,0,100,0.0,0.0,1,100,0.0,0.0
2026-0704-02-01-07-02,トリニタリオ,ニシノマルガリート/ユマハム/メイショウローゼ/ヒメヒオウギ/コワンニシタガウ/ボーントゥラブユー/タイセイルビー/ワダツミ/エイシンリーガル/デイズインザサン/スワトウ/マイネルディザイア/アウェイクネス/ヴァールザーゲン/ホウショウリュウ,15,15,1,1500,1190.0,79.33333333333333,15,0,1500,0.0,0.0,15,1500,740.0,49.333333333333336
2026-0704-02-01-07-03,ギンケイ,ウォータースパウト/ブリスフルイヤー/ルージュリヴィエラ/マスカルポーネ/ルージュボニート/ハヤブサブロー/ハスカップジャム/テリオスリコ,8,8,1,800,4160.0,520.0,8,1,800,6450.0,806.25,8,800,1740.0,217.49999999999997
2026-0704-02-01-07-04,スッサンエア,ブラックジャック/ゲレイロ/ソチミルコ/フクノアンタレス/ホウオウザロイヤル/ルージュフィーリア/スカイプレリュード/ディサイドオンミー/ロードクラシコ/ヤジロベエバランス/グローリアスダンス/オリヒメボシ/チェリーブルーム/カテドラルクォーツ,14,14,0,1400,0.0,0.0,14,0,1400,0.0,0.0,14,1400,0.0,0.0
2026-0704-02-01-07-06,レッドフロイデ,ブレイズランナー,1,1,0,100,0.0,0.0,1,0,100,0.0,0.0,1,100,300.0,300.0
2026-0704-02-01-07-07,デルマリシリ,メイショウハッケイ/ツルノマイハシ,2,2,0,200,0.0,0.0,2,0,200,0.0,0.0,2,200,0.0,0.0
2026-0704-02-01-07-08,バズアップビート,グランアルト/アスクファイアモア/ペリプルス/ニューアライブ/サイモンイロハニー,5,5,0,500,0.0,0.0,5,0,500,0.0,0.0,5,500,0.0,0.0
2026-0704-02-01-07-10,ディアウス,セボンサデッセ,1,1,0,100,0.0,0.0,1,0,100,0.0,0.0,1,100,0.0,0.0
2026-0704-02-01-07-11,サウスバンク,マーブルパレス/アンジュプロミス,2,2,0,200,0.0,0.0,2,0,200,0.0,0.0,2,200,0.0,0.0
2026-0704-02-01-07-12,シーズザスローン,アチーヴァー/イサギ/シュヴァルノワール/カーフキック/ブレイジングスター,5,5,1,500,1370.0,274.0,5,1,500,1750.0,350.0,5,500,270.0,54.0
2026-0704-03-02-03-01,ウィンターブリーズ,コスモハナミズキ,1,1,1,100,590.0,590.0,1,0,100,0.0,0.0,1,100,190.0,190.0
2026-0704-03-02-03-02,ベルトラッキ,ミサダメキメル/クイーンズレイン/ボンボンベイビー/アイスアイスベイビ/クライングナウ/シンショク/トップオブザキング/オーケーグリット/レディホークダイヤ/ヨーゼフ/リバーブレーション/ホグホグナナハン,12,12,0,1200,0.0,0.0,12,0,1200,0.0,0.0,12,1200,0.0,0.0
2026-0704-03-02-03-03,ワンダーブリッツ,イントゥザウインド,1,1,0,100,0.0,0.0,1,0,100,0.0,0.0,1,100,150.0,150.0
2026-0704-03-02-03-04,グレイシエーション,リーデレクオーレ,1,1,1,100,660.0,660.0,1,1,100,800.0,800.0,1,100,270.0,270.0
2026-0704-03-02-03-07,アールグレイ,ピースフルマインド/フレキシブル,2,2,0,200,0.0,0.0,2,0,200,0.0,0.0,2,200,0.0,0.0
2026-0704-03-02-03-08,ルシャルムール,コスモシェルベット/ヤングアメリカンズ/エアトベーレ/ユキノグラス/エスシーレイジュ/エコロストーム/ブリスキー/シューティングガイ/エウテルペ/カフェロワドール/レッドルイナール/パッカパッカブー,12,12,0,1200,0.0,0.0,12,0,1200,0.0,0.0,12,1200,0.0,0.0
2026-0704-03-02-03-09,アローメタル,コスモアチーブ/トレベルオール/ミッドセンチュリー,3,3,0,300,0.0,0.0,3,0,300,0.0,0.0,3,300,0.0,0.0
2026-0704-03-02-03-10,ディーズゴールド,エリーナストーム/レッドベルダンス/トゥーザムーン/キングツェッペリン/マンダリンボレロ/ダディーズトリップ/ユイノマチブセ/クロドラバール/ウインアルドーレ,9,9,1,900,1270.0,141.11111111111111,9,1,900,2250.0,250.0,9,900,890.0,98.88888888888889
2026-0704-03-02-03-11,ゲイルライダー,テセラリアン/イリフィ/カネショウレジェン/ラストシャリナ/ピックアップライン/ボディブロー/アイアムユウシュン/メイショウコバト/ゲキザル,9,9,1,900,380.0,42.22222222222222,9,1,900,510.0,56.666666666666664,9,900,790.0,87.77777777777777
2026-0704-03-02-03-12,トワニ,ブラックティンカー,1,1,0,100,0.0,0.0,1,0,100,0.0,0.0,1,100,0.0,0.0
2026-0704-10-02-03-01,アバットゥータ,テイエムリステット/ゴーツウキリシマ/ゴールデンルーキー/メイショウソウセキ/シークレットキー/アニージョ/アクロスザリバー/アドアプローズ/パーセルペーパー/シュエットアムール/キムタックフェイス,11,11,0,1100,0.0,0.0,11,0,1100,0.0,0.0,11,1100,0.0,0.0
2026-0704-10-02-03-02,ランスオブラヴ,アイルトン/マルモリキャスター/ルージュルガーノ/ロングジーニアス/ナデシコザクラ/リフルフォース/アンコ/シャンデリュイーズ/パープルウインド/ミヤノラングリー/マリノムーンリーフ/サラサキングスター/デュードロップ/ニシノトリビュート/メドウセージ/レイノルズナンバー/ヒャクギマル,17,17,0,1700,0.0,0.0,17,0,1700,0.0,0.0,17,1700,0.0,0.0
2026-0704-10-02-03-03,シャンドラファール,シャリキモン,1,1,0,100,0.0,0.0,1,0,100,0.0,0.0,1,100,0.0,0.0
2026-0704-10-02-03-04,マーゴットガイア,アキノビューティー,1,1,0,100,0.0,0.0,1,0,100,0.0,0.0,1,100,0.0,0.0
2026-0704-10-02-03-06,ピコオーバル,キングズテイル/キープシャイニング/ピエナオルカ/マーチンゲール/ジャスティンゴッホ/ラッキーストーン/ロンバルドシチー/ブクブクー/ベルアズーロ/バチラ/クロワール/フルドフォルク/カミノトップワン/ハギノクリーガー/エクスマウス,15,15,0,1500,0.0,0.0,15,0,1500,0.0,0.0,15,1500,0.0,0.0
2026-0704-10-02-03-07,ホワイトフレイムス,ララディアーブル/ホウオウモチーヴ/ベンティガオルサ,3,3,0,300,0.0,0.0,3,0,300,0.0,0.0,3,300,0.0,0.0
2026-0704-10-02-03-08,ブルーマッキンジー,エルル/カネコメファミリー/ミヤフロント/ベラジオリン/アイファーモービル/プルミエールパス/ミヤラティーニ/イチトゼロノアイダ/アメリカンビヨンド/アスコットアイ/ピオニエーレ/ナムラトロム,12,12,1,1200,530.0,44.166666666666664,12,1,1200,750.0,62.5,12,1200,990.0,82.5
2026-0704-10-02-03-09,グッドピース,フィオラーノ/キョラムン/ミライハーモニー/ネフェルアスティ/スピリットライズ/マウンテンバローズ/ケイアイクビラ/リアルアルバ/ラブアイミー/ギザキズラヴ/ソリスディエス,11,11,1,1100,1000.0,90.9090909090909,11,1,1100,1500.0,136.36363636363635,11,1100,1240.0,112.72727272727272
2026-0704-10-02-03-11,ネブラディスク,サウンドムーブ,1,1,1,100,290.0,290.0,1,1,100,560.0,560.0,1,100,170.0,170.0
2026-0704-10-02-03-12,ムーンリットアイル,ジャンヌローサ,1,1,0,100,0.0,0.0,1,0,100,0.0,0.0,1,100,0.0,0.0
2026-0705-02-01-08-01,コックニー,キチロクタワー,1,1,0,100,0.0,0.0,1,0,100,0.0,0.0,1,100,0.0,0.0
2026-0705-02-01-08-02,グレイトソン,カッサンドラ/マーマレードスカイ/カフェオドヴィー/ジェッディンデデン/カプリースカラー/アクロスメモリア/ロードベルファスト/ジャストキュート/デルマハルナ/ペイシャクロス/ミスマラッカ,11,11,1,1100,460.0,41.81818181818181,11,1,1100,710.0,64.54545454545455,11,1100,410.0,37.27272727272727
2026-0705-02-01-08-03,ゴンフィンガー,ニシノモリミチ/キャピタル/ガーディアンテイル/クッカユフラ/ミリオングローリー/ヘイマー/レースクイーン/ルナノーヴァ/ガダニーニ/カンフージョン/マツリダシリウス/オーキーベルセルク,12,12,0,1200,0.0,0.0,12,0,1200,0.0,0.0,12,1200,1150.0,95.83333333333334
2026-0705-02-01-08-04,ハルヒメ,バレンタインビスタ/ジュディーイメル/マメーアップル/コスモファーブロス,4,4,0,400,0.0,0.0,4,0,400,0.0,0.0,4,400,0.0,0.0
2026-0705-02-01-08-06,ショウナンマルチ,ギオンバヤシ,1,1,0,100,0.0,0.0,1,0,100,0.0,0.0,1,100,220.0,220.00000000000003
2026-0705-02-01-08-07,ムーンブランシュ,キャンドルマス/クイーンレグナント/アルヘンティニータ/キャリーグレイス/ジェイエルライナー/マインセーラ/パーティーガール/カップッチョ,8,8,0,800,0.0,0.0,8,0,800,0.0,0.0,8,800,0.0,0.0
2026-0705-02-01-08-08,ナクライト,アオハルブルース/ポンピエ/ゴールドドレッサ,3,3,0,300,0.0,0.0,3,0,300,0.0,0.0,3,300,0.0,0.0
2026-0705-02-01-08-09,マナボニート,セイプリーズ/ハリウッドメモリー/ショウナンカリス/ベルビースタローン/ベビーズブレス/ミニョンマルーン/ラスティングスノー/リリーフィールド/モズアンタレス/マジカルフェアリー/ヒラボクミニー/スイミーユニバンス/ゴキゲンサン/マルプリ,14,14,0,1400,0.0,0.0,14,0,1400,0.0,0.0,14,1400,2680.0,191.42857142857144
2026-0705-02-01-08-10,ラーシャローム,アスクデッドヒート/リアルファインド/バースライト/アメジストブラック/リギーロ/ライフセービング/ブリヤディアマンテ,7,7,0,700,0.0,0.0,7,0,700,0.0,0.0,7,700,0.0,0.0
2026-0705-02-01-08-11,カナルビーグル,ラタフォレスト/ヒルノハンブルク/コトホドサヨウニ/レヴォントゥレット/オウギノカナメ/アスクデビューモア/ワイドブリザード/ホールシバン/テーオードレフォン,9,9,0,900,0.0,0.0,9,0,900,0.0,0.0,9,900,0.0,0.0
2026-0705-02-01-08-12,ララバニュルス,グランフィエルテ/ハーモニーソング/コモンスナイプ/ブライトアゲイン/ソードマスター/フレンドモナコ/マイオウンウェイ/ユーベルジーク/ブラヴィーノ,9,9,1,900,760.0,84.44444444444444,9,1,900,1100.0,122.22222222222223,9,900,670.0,74.44444444444444
2026-0705-03-02-04-01,バーヴァンシー,ペールデュクラン/ナックレジーナ/リトルベルタ/オウケンハニー/バイアブランカ/デルマザオウ/ドナソラーレ/ミュージックレイン/マイトリックスター/マネーマネー/デルマツルギ/オーシャンミューズ/オリエンタルガール/アンジュリオ,14,14,0,1400,0.0,0.0,14,0,1400,0.0,0.0,14,1400,0.0,0.0
2026-0705-03-02-04-02,シルバーアックス,ゴールドパレード/ニシノタチアナ/ダイユウルミナス/ハルカオル/ハッピースーニャ/ドリーマーズ/セイウンプーパ/ホカミテダメ/エンジェルサン/ローズバラード/トウシンラヴ/ネオアンボウ/ケイベエ,13,13,0,1300,0.0,0.0,13,0,1300,0.0,0.0,13,1300,1720.0,132.3076923076923
2026-0705-03-02-04-03,マーゴットドライ,ワインダークシー/ヤマメホープ,2,2,1,200,720.0,360.0,2,1,200,1240.0,620.0,2,200,310.0,155.0
2026-0705-03-02-04-04,コウソクルリアン,フェイスリフト/エリースノー,2,2,0,200,0.0,0.0,2,0,200,0.0,0.0,2,200,0.0,0.0
2026-0705-03-02-04-07,ヴンダーバール,ケープウィッカム/マタミカンサン,2,2,0,200,0.0,0.0,2,0,200,0.0,0.0,2,200,360.0,180.0
2026-0705-03-02-04-09,フェルミアーク,イゾラフェリーチェ/マキシマムドライブ/ラパンチュール/カーヌスティ/バシレイア/ホウオウブースター/ヴェナートル/セイウンデセオ/ジョウゲンノツキ/エリカカリーナ/マンウォル/フェデルミエール/ライクアフラワー/ジャガード/ゼンダンタカ,15,15,0,1500,0.0,0.0,15,0,1500,0.0,0.0,15,1500,1300.0,86.66666666666667
2026-0705-03-02-04-10,ベストミーエヴァー,グランカンタンテ/ヨシヒロ/リアンベーレ/ペッレグリーニ/バセリーナ/レッドダンルース/ワザモノ/シャイニースイフト/マイネルフォルツァ/ロゼル/ビッグデイメイク,11,11,1,1100,700.0,63.63636363636363,11,1,1100,830.0,75.45454545454545,11,1100,690.0,62.727272727272734
2026-0705-03-02-04-11,メリークリスマス,ロジアデレード/ポッドロゴ/サクラトップリアル/ニシキギミッチー/ミッキーヌチバナ/ベルウェザー/ハビレ/カンピオーネ/ルージュアベリア/シゲルショウグン/ストレングス/サンマルパトロール/ショウナンライシン/ピースオブザライフ,14,14,0,1400,0.0,0.0,14,0,1400,0.0,0.0,14,1400,2310.0,165.0
2026-0705-03-02-04-12,ピコレッド,トモジャオーリー/カンレイスター/ヨドノティアラ/ランドスター/アースミューズ/ヴァイオスペース/ゼファーテソーロ/モーゲンセン/スカイダイバー/ノーブルオリンポス/リバージュエル/レインボーラッキー/キングクレオール/プレザントトーン,14,14,0,1400,0.0,0.0,14,0,1400,0.0,0.0,14,1400,0.0,0.0
2026-0705-10-02-04-01,モズナイスバディー,ストラクチャー/ボールドハーテッド/リッケンバッカー/メイショウブレゲ/スペルキャスター/ホウオウスターツ/ルルフィーユ,7,7,0,700,0.0,0.0,7,0,700,0.0,0.0,7,700,0.0,0.0
2026-0705-10-02-04-02,ユイノジカンカセギ,グレートキリシマ/ヘキレキ,2,2,0,200,0.0,0.0,2,0,200,0.0,0.0,2,200,0.0,0.0
2026-0705-10-02-04-03,ティタノマキア,メイショウコハル/ウィスカーパッド,2,2,0,200,0.0,0.0,2,0,200,0.0,0.0,2,200,0.0,0.0
2026-0705-10-02-04-04,サトノロザリー,ファイアプレイス,1,1,0,100,0.0,0.0,1,0,100,0.0,0.0,1,100,0.0,0.0
2026-0705-10-02-04-07,パトローナス,トウカイジーク/ドラムメジャー/サウンドヴィヴァン/ファイティンアスク/タワーオブバベル/ルルハート/ナムラオットー/ファーストアタック/ケイアイブラック/ベルフィーノ/キャンディーズ/アッセクシー/グロリアスニケ/ホッコームジカ/メイショウジーニー,15,15,0,1500,0.0,0.0,15,0,1500,0.0,0.0,15,1500,0.0,0.0
2026-0705-10-02-04-08,シンドリームシン,ラマヌジャン/アスタールテニウム,2,2,0,200,0.0,0.0,2,0,200,0.0,0.0,2,200,0.0,0.0
2026-0705-10-02-04-09,ダークマルス,アクロフェイズ,1,1,1,100,190.0,190.0,1,0,100,0.0,0.0,1,100,120.0,120.0
2026-0705-10-02-04-11,デアヴェローチェ,サウンドモリアーナ/フリッカージャブ,2,2,0,200,0.0,0.0,2,0,200,0.0,0.0,2,200,0.0,0.0
2026-0705-10-02-04-12,システマソラー,タイセイジェイド,1,1,0,100,0.0,0.0,1,0,100,0.0,0.0,1,100,0.0,0.0
2026-0711-02-01-09-01,クラウスーラ,ウメヒナタ/ワイドウィンザー,2,2,0,200,0.0,0.0,2,0,200,0.0,0.0,2,200,230.0,114.99999999999999
2026-0711-02-01-09-02,サラサチャチャチャ,ジーティービキニ/ブエノスオプティマ/メリオルヴィア/マーゴットクリュグ/ワンダーアスク/フレンチブラッサム/タガノシルフィー/シルフ/コイバナ/チカマヨルキーナ/サマースプラッシュ/ベッラモレーン,12,12,1,1200,1810.0,150.83333333333334,12,1,1200,4190.0,349.1666666666667,12,1200,1870.0,155.83333333333334
2026-0711-02-01-09-03,アルサック,クリオロゴールド/テンユウ/ハッピーローヴァー/ルージュフローラ,4,4,0,400,0.0,0.0,4,0,400,0.0,0.0,4,400,0.0,0.0
2026-0711-02-01-09-04,アーデルブリックス,マンサニージャ/エグジスタンス/ケナゲ/コスモクラシック/ヘクセンハウス/インフィオラータ,6,6,0,600,0.0,0.0,6,0,600,0.0,0.0,6,600,0.0,0.0
2026-0711-02-01-09-06,チリンドリ,ライトアファイア/ゲレイロ/ヤマメイッカ/シンエンドーツダ/ミスチヴマリアンヌ,5,5,1,500,690.0,138.0,5,1,500,1110.0,222.00000000000003,5,500,730.0,146.0
2026-0711-02-01-09-07,ターンザテーブルス,アイドクレース,1,1,0,100,0.0,0.0,1,0,100,0.0,0.0,1,100,0.0,0.0
2026-0711-02-01-09-09,クリスレジーナ,エトワールブーケ/サイン/モルビド/ドルチェリターン/ハルフロンティア/デルシエロ/メイショウソラリス/エオアリイ/ゼアズノープレイス,9,9,0,900,0.0,0.0,9,0,900,0.0,0.0,9,900,0.0,0.0
2026-0711-02-01-09-11,インパクトシー,インヴォーグ/カテリーナ/ウイントレメンデス/ショウナンサムデイ/ウィープディライト/ミッキージュエリー/ドゥカート/アイスグリーン/ソリダリティ/ノーブルスカイ/ピンクジン,11,11,0,1100,0.0,0.0,11,0,1100,0.0,0.0,11,1100,0.0,0.0
2026-0711-02-01-09-12,ビップムーラン,タイセイブルーム/ワイドデコラシオン/スパークルジョイ/テーオーナタリー/メイショウハッブル/ジュウオウ/レネネト,7,7,1,700,360.0,51.42857142857142,7,1,700,480.0,68.57142857142857,7,700,1020.0,145.7142857142857
2026-0711-03-02-05-01,トゥラッタッタ,ネイチャーシップ,1,1,0,100,0.0,0.0,1,0,100,0.0,0.0,1,100,0.0,0.0
2026-0711-03-02-05-02,サイモンセレーノ,タマモチョコチップ,1,1,0,100,0.0,0.0,1,0,100,0.0,0.0,1,100,220.0,220.00000000000003
2026-0711-03-02-05-03,キャピタルストーン,トーセンマスラオ/タイセイアドーレ/ジーティーフクジ/シャインラブ/マイネルリコルディ/コールドスリープ/ジュネストレイル/シアルナーレ/モーモーゼロ/オーケーマドンナ,10,10,0,1000,0.0,0.0,10,0,1000,0.0,0.0,10,1000,590.0,59.0
2026-0711-03-02-05-04,ゴールドプレイヤー,セブンワンダーズ/マーゴットリック/ロードプレリュード/ロイヤルタイム/ツクバアヴァロン/ドゥーニ/ルールオーヴァー/ヤマタケボニータ/イケイケルノワール/パワポケウォーズ/フッカツノジャンボ/エビスディアーナ,12,12,0,1200,0.0,0.0,12,0,1200,0.0,0.0,12,1200,0.0,0.0
2026-0711-03-02-05-06,ウインテラジーナ,ムーングレイル/ポポラヴィスタ/レッドフリーマン/ジョブックボー/フライングビーナス/セーヌデローヴ/ルンベーラ/シルバープレミア/サトノアンナ/パーフェクトスノー/サファイアプレミア/ミスデルマー/ケイアイギルス/ブルーブロディ,14,14,0,1400,0.0,0.0,14,0,1400,0.0,0.0,14,1400,0.0,0.0
2026-0711-03-02-05-07,ドナルンバ,ヴァンデスペランス/ボニープリンス,2,2,0,200,0.0,0.0,2,0,200,0.0,0.0,2,200,0.0,0.0
2026-0711-03-02-05-08,アイムインディ,マサノピンクレディ/ブーケドリス/ミッシオーネ/フラッシュポイント/ハルノアラシ/チェルシー/ダノンリュラ/イズルード/ラエトゥス/エーティータキオン/アイファーリーベン,11,11,0,1100,0.0,0.0,11,0,1100,0.0,0.0,11,1100,0.0,0.0
2026-0711-03-02-05-09,アメティスタ,キングズトゥルー/キンググローリー/モルトマエストーソ/スズカミエール/ヴァイザーバルコ/オルトパラティウム/ビッグベルーガ/ウインマイルート/サトノトルネード/クリフハンガー/ハイラント/ヒストリアイ,12,12,0,1200,0.0,0.0,12,0,1200,0.0,0.0,12,1200,0.0,0.0
2026-0711-03-02-05-11,クリエープキー,レッドアヴァンティ/マサノカナリア/シークレットヴァウ/ゾンニッヒ/カウンターセブン/ショウナンハクラク/クムシラコ/マイネルジェロディ,8,8,0,800,0.0,0.0,8,0,800,0.0,0.0,8,800,0.0,0.0
2026-0711-10-02-05-01,ミエルモーサ,カレンハウ/キムケンシーサー/クリコキアナ,3,3,0,300,0.0,0.0,3,0,300,0.0,0.0,3,300,0.0,0.0
2026-0711-10-02-05-02,ダイメイクマモト,タガノラヴズワン/ルパピヨンブラン,2,2,0,200,0.0,0.0,2,0,200,0.0,0.0,2,200,0.0,0.0
2026-0711-10-02-05-03,トラカイキャッスル,ベルトナリテ/クランズクラウン/タイセイアビオン/ソニックブーム/ゴールドアベニュー/ビシェノ/ワラビガミ/フィエールシャンテ/ハナコトバ/アメジストブリエ/ワンダースアン/フィニステーレ/メイショウタカネ/マスアンジュ/マコトエウロペ/メイショウバルキア/ドントゥール,17,17,0,1700,0.0,0.0,17,0,1700,0.0,0.0,17,1700,0.0,0.0
2026-0711-10-02-05-04,ジョーカー,ゴールデンドラゴン,1,1,0,100,0.0,0.0,1,0,100,0.0,0.0,1,100,0.0,0.0
2026-0711-10-02-05-06,チュウワメロディー,ヒッグスボソン,1,1,0,100,0.0,0.0,1,0,100,0.0,0.0,1,100,230.0,229.99999999999997
2026-0711-10-02-05-07,カラペルソナ,ウインラウダ/サントルドパリ/エイシンビーコン/トップオブザライン/メイショウアボット/トモジャプレジール/ハレアカラフラ/ゼットエイト/トラストエムシー,9,9,0,900,0.0,0.0,9,0,900,0.0,0.0,9,900,0.0,0.0
2026-0711-10-02-05-08,ジョアン,オヤツノジカン/シエーナカラー/エイコーンドリーム/ベルメサイア/アンリーベイビー,5,5,0,500,0.0,0.0,5,0,500,0.0,0.0,5,500,0.0,0.0
2026-0711-10-02-05-09,タガノアルトゥーラ,バリオス/ウインリュクス/ジュンライデン/フリーガー/レッドヴァリアート/カレンラップスター/ミッドタウンナイト/ヴェストラン/ダノンアンチュラス,9,9,0,900,0.0,0.0,9,0,900,0.0,0.0,9,900,0.0,0.0
2026-0711-10-02-05-12,ムーンリットアイル,ダノンプリマ,1,1,0,100,0.0,0.0,1,0,100,0.0,0.0,1,100,0.0,0.0
2026-0712-02-01-10-01,スイーヴル,マーゴットオネイロ,1,1,0,100,0.0,0.0,1,0,100,0.0,0.0,1,100,0.0,0.0
2026-0712-02-01-10-03,ビンバラ,ホウオウロレンシア,1,1,0,100,0.0,0.0,1,0,100,0.0,0.0,1,100,0.0,0.0
2026-0712-02-01-10-04,ヴィラジョヴィス,タケルフォーカス/ハルノアメ,2,2,0,200,0.0,0.0,2,0,200,0.0,0.0,2,200,0.0,0.0
2026-0712-02-01-10-06,ルージュフィーリア,サトノフレイ,1,1,0,100,0.0,0.0,1,0,100,0.0,0.0,1,100,0.0,0.0
2026-0712-02-01-10-07,コイタマチャン,マリブサーフ/アリストクラシア/ヒミノエトワール/デルマサクラサク/バシリス/ウィンターガーデン/サウンドルーチェ/リピース,8,8,0,800,0.0,0.0,8,0,800,0.0,0.0,8,800,0.0,0.0
2026-0712-02-01-10-09,コッツォリーノ,ラブリーリディア,1,1,0,100,0.0,0.0,1,0,100,0.0,0.0,1,100,0.0,0.0
2026-0712-02-01-10-10,マメタンク,デアプリームス,1,1,0,100,0.0,0.0,1,0,100,0.0,0.0,1,100,0.0,0.0
2026-0712-02-01-10-11,レディネス,ストレイトトーカー/タシット/リラボニート/パレハ/シルトホルン/キョウエイブリッサ/エラトー/レディーヴァリュー/パトリックハンサム/ヴーレヴー/レディントン/ウインシュクラン/エエヤン,13,13,0,1300,0.0,0.0,13,0,1300,0.0,0.0,13,1300,0.0,0.0
2026-0712-02-01-10-12,ハッピーラッキー,シャルトル,1,1,0,100,0.0,0.0,1,0,100,0.0,0.0,1,100,0.0,0.0
2026-0712-03-02-06-01,トーアマリシテン,モスクロッサー/ゲレル/ブライテストドーン/シグムンド/サラフィエル/ジャスパーグレイト/フェイトライン/エポカスピーガ/クラウンウルル/ノブダブルホワイト/アウルムレガリア/トモジャシャトー/スノーリン,13,13,1,1300,8590.0,660.7692307692307,13,1,1300,12600.0,969.2307692307692,13,1300,2160.0,166.15384615384616
2026-0712-03-02-06-02,クリムゾンリーフ,アーティキュレート/ヒロイックヴァース/サングラント/ゴットタレント/ディメンシア/ペイシャオーヴァル/ルストラーレ/トランセンコ/レヴェンドール/レアリゼソンレーヴ/ジュンヴィヴァン/フィーユレアル/グラスフェザー/ニシノトマラナイ,14,14,1,1400,610.0,43.57142857142857,14,0,1400,0.0,0.0,14,1400,1160.0,82.85714285714286
2026-0712-03-02-06-03,ヴァルカンテソーロ,ブライスフェアリー/ミナヅキ/ヴォンサクレ/オーブレーヌ/チャンピオンホープ/ヤマニンリンキング/ホウオウショパン/レイナエヴィータ/スティールシップ/ウッケン/エコロゼット/ギリーカラム/ソアサージュ/シュタットパーク/ウインベルチェーロ,15,15,1,1500,1030.0,68.66666666666667,15,1,1500,1310.0,87.33333333333333,15,1500,650.0,43.333333333333336
2026-0712-03-02-06-06,ツクバヴァンガード,イイクニパッション/ニンジャトットリ,2,2,0,200,0.0,0.0,2,0,200,0.0,0.0,2,200,0.0,0.0
2026-0712-03-02-06-07,キッショウダラニ,ノーブルクロンヌ/ラルルジェンヌ/ベルオーシャン/インザライムライト/ウインディナナコ/リナシタ/コスモシグルン/イマジェリーナ/フライスカイハイ/シャインフォーミー/モーニングダリア/スイートハイデン/マリノマーベラス/サクラモンストール/ダノンクラウディア,15,15,0,1500,0.0,0.0,15,0,1500,0.0,0.0,15,1500,0.0,0.0
2026-0712-03-02-06-08,デンプシー,ミスターマーボー/アイアンパイク,2,2,1,200,500.0,250.0,2,1,200,910.0,455.0,2,200,260.0,130.0
2026-0712-03-02-06-09,ルージュリリック,サルワールカミーズ/ユメシルベ/キューティリップ/ジェルブロア/サフランルージュ/ブルスカメンテ/ペプロス/クイーンズワーフ/ノーブルクラウド/ロゼフェリシア/ニシノコマチムスメ/ヒサエノオモカゲ/テンドリームガール,13,13,0,1300,0.0,0.0,13,0,1300,0.0,0.0,13,1300,0.0,0.0
2026-0712-03-02-06-10,リフレックス,サトミノエンジェル/チギリ/ジェイエルマスター/ティンティンデオ/ダカラフェスティヴ/スマートケープ/ハッスルダンク/オンザライン/ゲキザル,9,9,0,900,0.0,0.0,9,0,900,0.0,0.0,9,900,1380.0,153.33333333333334
2026-0712-03-02-06-12,サンマルノヴェル,ピコテンダー,1,1,0,100,0.0,0.0,1,0,100,0.0,0.0,1,100,0.0,0.0
2026-0712-10-02-06-02,タガノプディング,クロカミジョウ,1,1,0,100,0.0,0.0,1,0,100,0.0,0.0,1,100,0.0,0.0
2026-0712-10-02-06-03,チェファルー,ブルーザー/ダノンワンダー,2,2,0,200,0.0,0.0,2,0,200,0.0,0.0,2,200,280.0,140.0
2026-0712-10-02-06-04,ブランチアウト,セルヴァジオ/ラミエルノムスコ/タイムレスフレアー/レッドパラジウム,4,4,0,400,0.0,0.0,4,0,400,0.0,0.0,4,400,870.0,217.49999999999997
2026-0712-10-02-06-07,コルヴァス,エアフォースワン/オオツカ/ヴィエントデコラ/タマモスカイ/メイショウオグマ/ラブインアクション/セルジュバローズ/ジュンプリメーロ/キリオス/ジェバーダ/リアルペガサス/ニシノミチアキ/テーオーノーベル,13,13,0,1300,0.0,0.0,13,0,1300,0.0,0.0,13,1300,1150.0,88.46153846153845
2026-0712-10-02-06-08,ペイシャシス,ミッキーマーメイド/メイショウピリカ/ミリタリータトゥー,3,3,1,300,460.0,153.33333333333334,3,0,300,0.0,0.0,3,300,240.0,80.0
2026-0712-10-02-06-09,ホウショウルクス,ショウナンバンライ/タガノアニマシオン,2,2,0,200,0.0,0.0,2,0,200,0.0,0.0,2,200,260.0,130.0
2026-0712-10-02-06-11,モックモック,ジンセイ/レイナデアルシーラ/スナークラファエロ/ゴッドブルービー/シュラザック/メルキオル/フェルヴェンテ/メイショウズイウン/サンライズアリオン,9,9,0,900,0.0,0.0,9,0,900,0.0,0.0,9,900,0.0,0.0
2026-0712-10-02-06-12,ベルファスト,ドルチェミスト/ノボリリア/ウインマスカレード/ウォーターデライト/フィラーエ/テルヴィセクス/セレブトーチ/ベネメレンティ/ジューンオアシス/モルティフレーバー/シャインベック/ギザキズラヴ/リアルアルバ/ラブカムーン/ジュエルハウス/アットザラヴアスク,16,16,1,1600,1530.0,95.625,16,0,1600,0.0,0.0,16,1600,4030.0,251.87499999999997
2026-0718-02-01-11-01,イッペイ,ガーシュウィン/レインボースター/サンゴート/アートオブブライト/ハイビスカス/ロードレスポンス,6,6,0,600,0.0,0.0,6,0,600,0.0,0.0,6,600,230.0,38.333333333333336
2026-0718-02-01-11-02,マーマレードスカイ,チュラヴェール/メメボス/メモリーデイズ/ジェッディンデデン/コシタンタン/レディリリス/クリーンブーケ/ジャストキュート/ペイシャクロス/ブルーメンフェスト,10,10,0,1000,0.0,0.0,10,0,1000,0.0,0.0,10,1000,0.0,0.0
2026-0718-02-01-11-03,リバーソニック,ザンテソーロ/ジャストグレース/マーゴットデウス/ハイランダー/フェンリル/ゴールデンボブ/リベンジャー/エトワールブルー/エースオブゴールド,9,9,0,900,0.0,0.0,9,0,900,0.0,0.0,9,900,0.0,0.0
2026-0718-02-01-11-04,ニシノオールワン,ホウオウザロイヤル/スッサンエア/スノーガーネット/ココソラーレ/メカニックバレエ/ヨドノサファイア/シュヴェスター/レッドアイスピア/オリヒメボシ/エコロデュラン/イズントイット/ガルフコースト/エルファリス/デルマアサマ/シバノパージャン,15,15,0,1500,0.0,0.0,15,0,1500,0.0,0.0,15,1500,0.0,0.0
2026-0718-02-01-11-05,モンロワイヤル,イトシサ/メイショウセンドウ/サンオブザサン/ペガサスウィンド/コウソクユノ/バンダムソレール/レースクイーン/チャーチルデュース/ダノンアクション/ディープマウンテン/ルージュプルーヴ/ホウオウライセンス/フロムザムーン,13,13,0,1300,0.0,0.0,13,0,1300,0.0,0.0,13,1300,0.0,0.0
2026-0718-02-01-11-06,トリニタリオ,ジュラトリー,1,1,0,100,0.0,0.0,1,0,100,0.0,0.0,1,100,0.0,0.0
2026-0718-02-01-11-08,メイショウテンク,アスクファイアモア/ワンダフルデイズ/テイクザクラウン/マイネルゼウス/バルドル,5,5,0,500,0.0,0.0,5,0,500,0.0,0.0,5,500,0.0,0.0
2026-0718-02-01-11-09,ドッグウッド,グランセゾン/マイネルシンベリン/ディーリライズ/ゴーゴータカシ/ウインポセイドン/コウギョク/マカナアネラ/ハミルトン/ビービーバザーク/アドミラルシップ/マイバラード/ホウオウペトリュス,12,12,1,1200,720.0,60.0,12,1,1200,1100.0,91.66666666666666,12,1200,750.0,62.5
2026-0718-02-01-11-10,マナボニート,アパッシメント/マジカルフェアリー/サンドロナイト/フードマン/ムチャスグラシアス/エクストラバック/フミサウンド/バシレウスシチー/ストリンジェンド,9,9,1,900,560.0,62.22222222222222,9,0,900,0.0,0.0,9,900,490.0,54.44444444444444
2026-0718-02-01-11-11,イガッチ,レヴォントゥレット/ラタフォレスト/チュウワクリスエス/ハグ/オウギノカナメ/ホールシバン/コトホドサヨウニ/マーブルロック/アスクデビューモア/テーオードレフォン,10,10,0,1000,0.0,0.0,10,0,1000,0.0,0.0,10,1000,0.0,0.0
2026-0718-02-01-11-12,ハーモニーソング,ルージュベルベット/バレンタインビスタ/ラミアメンテ/メイショウハッケイ/ルージュナリッシュ/アルバニー/エコロハート/アルマロクザン/メラヴィリオーザ/オンザヴィーナス,10,10,1,1000,1040.0,104.0,10,0,1000,0.0,0.0,10,1000,1590.0,159.0
2026-0718-03-02-07-01,シュネーバレン,エーアイクワイ/サリードゥ/ショウナンハーヴェ,3,3,0,300,0.0,0.0,3,0,300,0.0,0.0,3,300,910.0,303.3333333333333
2026-0718-03-02-07-02,ビップヴィーナス,サノノキセキ,1,1,0,100,0.0,0.0,1,0,100,0.0,0.0,1,100,120.0,120.0
2026-0718-03-02-07-03,ハングローズ,ゲンテン/セントリアン/イデアジュアンイハ/エクスペクタント/グラデュエール/ジャガーライズ/サクラボーベル/テルケンレンタッチ/ヌビアン/レーヴルーバ/ライブリピュア/プリンセスダーコ/アンセートゥモダン/ジーティーフクフク,14,14,0,1400,0.0,0.0,14,0,1400,0.0,0.0,14,1400,290.0,20.714285714285715
2026-0718-03-02-07-06,テンオンスゴールド,カシマライフウ/アラビアンドリーム,2,2,0,200,0.0,0.0,2,0,200,0.0,0.0,2,200,0.0,0.0
2026-0718-03-02-07-07,ベアダイヤモンド,ベルトラッキ/アッシズオブローズ/セキテイリノ/ブライトエアリー/スチールギターラグ/モンドシュピーゲル/ラッキースウィッチ/サヴマ/マイネルオラクル/シーサンタナ/マイネルリーヒム/エコロゼット/タッカーヴァンバン/ノアソノマ/ケファロニア,15,15,0,1500,0.0,0.0,15,0,1500,0.0,0.0,15,1500,0.0,0.0
2026-0718-03-02-07-12,ベルゼビュート,ソニックブレイカー/ロイヤルスパイア,2,2,0,200,0.0,0.0,2,0,200,0.0,0.0,2,200,0.0,0.0
2026-0718-10-02-07-01,タイセイレスポンス,セイウンパシュート/メイショウトム/トゥデイイズザデイ/フジフォンテ/セイフウサツキ/ホウオウスターツ/コイヌール/エーオーキング/アドアプローズ/アスクアットバット/スラッシュ,11,11,0,1100,0.0,0.0,11,0,1100,0.0,0.0,11,1100,0.0,0.0
2026-0718-10-02-07-02,ニシノフランケン,ブレイクガール/アシャカブラーヴ/パーセンタイル/プリマアルバ/ドナズエクリプス/スピークロウ/プリメラエストレラ/フランヴィア/イザベル/アイルエクラ,10,10,1,1000,350.0,35.0,10,1,1000,1150.0,114.99999999999999,10,1000,1470.0,147.0
2026-0718-10-02-07-03,アルムアポジェ,メイショウマドンナ,1,1,0,100,0.0,0.0,1,0,100,0.0,0.0,1,100,0.0,0.0
2026-0718-10-02-07-04,スマイルスルー,オールザワールド/コンテナワールド/アトラクティーボ/マテンロウジョイ/トーアモルペウス/スノーディーヴァ,6,6,0,600,0.0,0.0,6,0,600,0.0,0.0,6,600,360.0,60.0
2026-0718-10-02-07-06,キープシャイニング,ムソウテンセイ/ジューンマーチ/ハクアイタワー/ラクホマレ/リテラシー/ルクスドリーム/ゼンノゾンターク/コカボムショット/サンマルマニック/ダイメイミラクル,10,10,0,1000,0.0,0.0,10,0,1000,0.0,0.0,10,1000,890.0,89.0
2026-0718-10-02-07-08,ノンブルドール,ワンダフルボンド/ダノンアトラス,2,2,0,200,0.0,0.0,2,0,200,0.0,0.0,2,200,0.0,0.0
2026-0718-10-02-07-12,バートラガッツ,スマートクラビ/レーンアジリティ/フランキーバローズ/ジューンセクレタ/ヨカオウ/アメリカンスタイル/モズプリヴェール/ケンフィールド/フリッシュ/チャチャピンク/ミッキーコンドル/デュアルロール,12,12,0,1200,0.0,0.0,12,0,1200,0.0,0.0,12,1200,460.0,38.333333333333336
2026-0719-02-01-12-01,ステラトップガン,ショパンコンクール,1,1,0,100,0.0,0.0,1,0,100,0.0,0.0,1,100,0.0,0.0
2026-0719-02-01-12-02,エコロセレナ,トルークマクト/ミスマラッカ/ミスチヴマリアンヌ/アルマフレイヤ/ホワイトラバーズ/ハネマン/デルマハルナ/ラブデウザ,8,8,0,800,0.0,0.0,8,0,800,0.0,0.0,8,800,0.0,0.0
2026-0719-02-01-12-04,ギオンバヤシ,フローレンスフーガ,1,1,0,100,0.0,0.0,1,0,100,0.0,0.0,1,100,0.0,0.0
2026-0719-02-01-12-06,マメーアップル,ソワンドヴィクター/コスモファーブロス/マリノリュミエール/リネアベルタ/ディサイドオンミー/チェサピークベイ/クープグラッセ/ライトオブジアース/スカイプレリュード/セイカユウヒ/アウェイクネス/ジューンマロン/ノブピースオブラブ/トゥルージョワ/リアライズブルーム,15,15,0,1500,0.0,0.0,15,0,1500,0.0,0.0,15,1500,850.0,56.666666666666664
2026-0719-02-01-12-07,プリンセスアツコ,クッカユフラ/ミリオンアップ/ブーケドグレイス/ストラニエーロ/ライラックデューン/フェニーチェドーロ/スタンピー,7,7,0,700,0.0,0.0,7,0,700,0.0,0.0,7,700,0.0,0.0
2026-0719-02-01-12-08,ワイドデコラシオン,メイショウハッブル/タイセイモノリス/グッバイウェーブ/プレザントトーン,4,4,0,400,0.0,0.0,4,0,400,0.0,0.0,4,400,0.0,0.0
2026-0719-02-01-12-09,モンローウォーク,アストリル/レーヴドロペラ,2,2,1,200,480.0,240.0,2,1,200,630.0,315.0,2,200,240.0,120.0
2026-0719-02-01-12-10,シーズザスローン,ウインシャーガス/タガノエルー/プライベートアイズ/テルアスワッド/ルージュマローネ/マーウォルス/ジュンラトゥール/メイショウタイピン/キングベルベット/マンダリンボレロ/レイザリオ/ヤコブセン/フォーワンセルフ,13,13,1,1300,440.0,33.84615384615385,13,1,1300,970.0,74.61538461538461,13,1300,820.0,63.07692307692307
2026-0719-02-01-12-12,コモンスナイプ,ロードクラシコ/ザカリナン/ソードマスター/ホウオウヘッセン/フレンドモナコ/アヤサンジョリーン/ミスターバッドガイ/シャインズオンユー/ルクスアドラー/マイオウンウェイ/ロードヴェルテクス/ブラヴィーノ,12,12,0,1200,0.0,0.0,12,0,1200,0.0,0.0,12,1200,0.0,0.0
2026-0719-03-02-08-01,ムーンベリル,トムキャット/スウィット/ユイノキャッツアイ/ドナビッグベン/ココニイルヨ/レオライジング/ウカテンセイ/リケアチャチャチャ/ケンシロウワールド,9,9,1,900,920.0,102.22222222222221,9,1,900,960.0,106.66666666666667,9,900,380.0,42.22222222222222
2026-0719-03-02-08-02,クリスタルドレス,ピースフルマインド/サトノスターライト/ジャストビコーズ/クレアノア/グレイスルーラー/フジサン/アオゾラランチ/ジャストマイウェイ/アマンヘセル/ロジタイガー/キリスパークル/ダイナマイトメロン/ジェイエルグリーン/チョコスコーン/ルビーサンセット,15,15,1,1500,1480.0,98.66666666666667,15,0,1500,0.0,0.0,15,1500,3350.0,223.33333333333334
2026-0719-03-02-08-03,ペプチドドリーム,シャルムグリーン/グランマエストロ/シルバーゴールド/ランウェイミューズ/ベルランコントル/ブラーヴジャン,6,6,1,600,1420.0,236.66666666666666,6,1,600,1990.0,331.6666666666667,6,600,500.0,83.33333333333334
2026-0719-03-02-08-04,フェスティヴハート,デルマザオウ,1,1,0,100,0.0,0.0,1,0,100,0.0,0.0,1,100,0.0,0.0
2026-0719-03-02-08-07,イントゥザウインド,キタノドンカルロ,1,1,0,100,0.0,0.0,1,0,100,0.0,0.0,1,100,0.0,0.0
2026-0719-03-02-08-09,ガラベイヤ,ヴァンヴィーヴ/ロードトレゾール/ハッピーエンジェル/ヴェントゥーラ/ルージュブリッツ/キョウエイボニータ/セイウンデセオ/ファビュラススター/プリティディーヴァ/ダンケルド/クレオズニードル/カリーシ/イグニション/マイネルラッシュ/ポッドデスペア,15,15,0,1500,0.0,0.0,15,0,1500,0.0,0.0,15,1500,2250.0,150.0
2026-0719-03-02-08-10,アロンズロッド,ルールーリマ/コスモイシュタル,2,2,1,200,550.0,275.0,2,0,200,0.0,0.0,2,200,460.0,229.99999999999997
2026-0719-03-02-08-12,エアトベーレ,ヘルヴェティオス/リポジノ/アルデキングダム/ソナタン/ジーティーブラック/カイトヴィント/ノーウェアマン/イサチルシーキング/キングプロフィット/スーパーホース/メリーサウンド/ウインドワンピース/ノアチュロス,13,13,1,1300,2890.0,222.30769230769232,13,1,1300,5490.0,422.3076923076923,13,1300,920.0,70.76923076923077
2026-0719-10-02-08-01,メイショウソウセキ,ニシノクードクール/フラムリンガム/バニーラビット/エイカイボクサー/ブランフォルテ/スティルシャイニン/シュエットアムール/クリアクォーツ/ブルーセルリアン,9,9,0,900,0.0,0.0,9,0,900,0.0,0.0,9,900,1140.0,126.66666666666666
2026-0719-10-02-08-02,カルロット,ヒッグスボソン,1,1,0,100,0.0,0.0,1,0,100,0.0,0.0,1,100,0.0,0.0
2026-0719-10-02-08-04,アラムシャピラス,ダンツウルス/ブルーザー,2,2,0,200,0.0,0.0,2,0,200,0.0,0.0,2,200,170.0,85.0
2026-0719-10-02-08-06,ウルトラハート,サトノライトニング/コズミックフレア/リリーサンダー/テイエムファントム/ビーウィナー/アイアン/サカトクフェイス/レッドフレーザー/テーオータウンズ/トゥレネヴェリテ/メイショウゲッコウ/テーオーレックス,12,12,0,1200,0.0,0.0,12,0,1200,0.0,0.0,12,1200,0.0,0.0
2026-0719-10-02-08-07,ピアストイヤーズ,アーリントンロウ/レオナルドスター/ウェルカムソング/フィラーエ/キョラムン/マウンテンバローズ/ヒットザグラウンド/ラブアイミー/イリスアスール/ペルフェツィオーネ/バーケンティン/ソリスディエス/アスクザアメリカン,13,13,0,1300,0.0,0.0,13,0,1300,0.0,0.0,13,1300,1660.0,127.69230769230768
2026-0719-10-02-08-08,アイカンアズーラ,ドラムメジャー/ミヤフロント/アメリカンビヨンド/ジャンシ/サンライズジュピタ/イイデカンタロウ/ミヤラティーニ/スレッドザニードル/ヨドノゴールド/ナンヨークリスタル,10,10,0,1000,0.0,0.0,10,0,1000,0.0,0.0,10,1000,0.0,0.0
2026-0719-10-02-08-10,アレナパラシオ,ジューンエオス/サイモンシュバリエ/カルパ/レヴァンテシチー/ナヴォーナ/カミノレアル/モズカトレア/グランキングオー/テーオールビー/マッシャーブルム/インザモーメント/メイショウシナノ/ダノンスウィッチ/プロミシングスター/メイショウオーロラ,15,15,0,1500,0.0,0.0,15,0,1500,0.0,0.0,15,1500,0.0,0.0
2026-0719-10-02-08-11,ジョバンニ,ジーティーアダマン/ウエストナウ/ガイアメンテ/タガノアビー/レーゼドラマ/ケイズレーヴ/ゼンダンハヤブサ/サフィラ/カエルム/テーオーソラネル/カネフラ/ナムラエイハブ/ノーランサンライズ/コパノサントス/マイネルメモリー/トータルクラリティ,16,16,1,1600,5650.0,353.125,16,0,1600,0.0,0.0,16,1600,2770.0,173.125
2026-0719-10-02-08-12,ミッキージャンプ,グラスベルグ/フレイムスター,2,2,0,200,0.0,0.0,2,0,200,0.0,0.0,2,200,0.0,0.0
2026-0725-01-01-01-01,カッサンドラ,カレンココナ/カプリースカラー/アイビーミャーオ/ロングフルスペック/テイクマイハート/クリコイーコ/レヴヴィ,7,7,0,700,0.0,0.0,7,0,700,0.0,0.0,7,700,440.0,62.857142857142854
2026-0725-01-01-01-02,ヌーンベルク,コックニー/テイクケア,2,2,0,200,0.0,0.0,2,0,200,0.0,0.0,2,200,0.0,0.0
2026-0725-01-01-01-03,アオイミズホ,メイショウシンガン/メイショウノヴァス/ワンダーゾルダート/ダンツアラーム/クロームクロス/マクローリン/ゴーントゥファー,7,7,0,700,0.0,0.0,7,0,700,0.0,0.0,7,700,0.0,0.0
2026-0725-01-01-01-07,カイショー,ニシノサリーナ,1,1,0,100,0.0,0.0,1,0,100,0.0,0.0,1,100,0.0,0.0
2026-0725-01-01-01-08,オンザムービー,リュミナーズ/ザハント/マーベリックシチー/ビービーバザーク/ハイライトニング/アルニラム/カフェブーケット,7,7,1,700,5310.0,758.5714285714286,7,1,700,7680.0,1097.142857142857,7,700,1470.0,210.0
2026-0725-01-01-01-09,ジェルブロア,ディヒターリーベ/ジャストビート/キタノサリスカ/ガーネットフレア/ニシノエピカリ,5,5,0,500,0.0,0.0,5,0,500,0.0,0.0,5,500,0.0,0.0
2026-0725-01-01-01-10,ジュンツバメガエシ,レイデラルース/ボンドロア/リギーロ/ライフセービング/レイヤードレッド/ヴァイザーバルコ/ドッビアーコ,7,7,1,700,2630.0,375.7142857142857,7,0,700,0.0,0.0,7,700,2570.0,367.1428571428571
2026-0725-01-01-01-11,ロジケープ,アスクケンタッキー/アンジュプロミス/クリエープキー/サウスバンク/メルトユアハート/ルーフ/シカゴスティング/エヴァンスウィート/パクスロマーナ/ウィルオレオール/ゴールドサーベル,11,11,1,1100,860.0,78.18181818181819,11,1,1100,1260.0,114.54545454545455,11,1100,630.0,57.27272727272727
2026-0725-01-01-01-12,セボンサデッセ,ベラジオワールド,1,1,0,100,0.0,0.0,1,0,100,0.0,0.0,1,100,180.0,180.0
2026-0725-04-02-01-01,レゾルーティオ,ノシェリー/フルーツバスケット/コルサロ/ソラニワラエバ/コスモバルムンク/ランドジャイアンツ/トリプティーク/ワンコール/ローグアン,9,9,1,900,450.0,50.0,9,1,900,740.0,82.22222222222221,9,900,430.0,47.77777777777778
2026-0725-04-02-01-04,プリプリプリン,マナイアカラニ/オレンジキャンパス,2,2,1,200,760.0,380.0,2,1,200,1200.0,600.0,2,200,340.0,170.0
2026-0725-04-02-01-05,キシダンチョウ,フィールドノート/ヴァリスマリネリス/オルグジェシダ,3,3,0,300,0.0,0.0,3,0,300,0.0,0.0,3,300,550.0,183.33333333333331
2026-0725-04-02-01-06,シャンソンドール,コルドンブルー/ジーネキング/ガリレア/ソニックライン/ルナルーチェット/ミッキースターダム/ラビットアイ/ギフテッド/メランジェ/ゴールドスター/ナファロア/ナグルファル/ドリームクルーズ/ケイケイ,14,14,0,1400,0.0,0.0,14,0,1400,0.0,0.0,14,1400,890.0,63.57142857142857
2026-0725-04-02-01-07,コートアリシアン,ボンヌソワレ/スマイルアップ/ピコローズ/キタサンダムール/モジャーリオ/エマヌエーレ/モンテシート/ヴェサリウス/ポッドロワール/スティールブルー/チューラワンサ/フライングブレード/エイムフォーエース/ミストレス/アームテイル/ルミノメテオール,16,16,0,1600,0.0,0.0,16,0,1600,0.0,0.0,16,1600,0.0,0.0
2026-0725-04-02-01-09,スコラーリ,パープルアドミラル/モンツァフレイバー/サングラデーション/サルサロッサ/ウォーターリーダー/ローンウルフ/アメリカンピース,7,7,0,700,0.0,0.0,7,0,700,0.0,0.0,7,700,0.0,0.0
2026-0725-04-02-01-10,カーボフリオ,シェリーシュシュ/ナツミカンチャン/メジロピオラ/アドバンスジェンヌ/ベアエクスプレス/ミュージックレイン/オリエンタルガール/ナックレジーナ/ディレクティオ/ミウ/アジャイブ/マイトリックスター,12,12,0,1200,0.0,0.0,12,0,1200,0.0,0.0,12,1200,750.0,62.5
2026-0725-04-02-01-11,シルバーアックス,リオハリソンメリー/リオクリスハーレー/アリアファブラ/ルディドゥゲンジ/ユイノササヤキ/ムーンシェイド/テラシエスタ/ケイツーキップ/ソレム/ユニベールクイーン/セランディア/マイエラ/アイファーアイドル/ミヤザキムスメ/タツナナイロ,15,15,0,1500,0.0,0.0,15,0,1500,0.0,0.0,15,1500,0.0,0.0
2026-0725-04-02-01-12,タイセイフレッサ,クリールスル/ワディアルリヤハ/リラ/リアライズリバティ/ガラク/リラベガ/ルージュダリア/カフェラバー/ロジャリーマイン/テンハートビート/ジョワイユノエル/ミスバレンシア/メイリー/ブルバンビーナ/ショウナンマリーナ/ウインロゼライト,16,16,0,1600,0.0,0.0,16,0,1600,0.0,0.0,16,1600,0.0,0.0
2026-0725-07-02-01-01,エルダークローネ,エコロメジャー,1,1,0,100,0.0,0.0,1,0,100,0.0,0.0,1,100,0.0,0.0
2026-0725-07-02-01-03,コスモフィレンツェ,プレスバーン,1,1,1,100,480.0,480.0,1,0,100,0.0,0.0,1,100,210.0,210.0
2026-0725-07-02-01-04,タロ,ジャスティンレビン/ワイドヴィンクルム/ボクサークラブ/アステリアート/ロードファイター/ヴァンドゥーヴル/テイクザスローン/テリコス/コーディアリティ/グランピアン/ヨシノサンキュー/マーゴットショット,12,12,0,1200,0.0,0.0,12,0,1200,0.0,0.0,12,1200,13830.0,1152.5
2026-0725-07-02-01-05,セルヴァジオ,セコンドトゥベスト/ペガサスジルシ/リアライズアリス/ファルカータ/イルミナジーティー/マルモリキャスター/インヴァイト/ワンダーヴァレル/スレイクイーン/セイロンブリーズ/ダーコ/トレッチェ/ノーブルクインダム/ラヴエナストロ/ヒーナシャム,15,15,0,1500,0.0,0.0,15,0,1500,0.0,0.0,15,1500,0.0,0.0
2026-0725-07-02-01-06,ゼロヴィジビリティ,エブリーポッシブル/ヘリテージブルーム/ポートデラメール/ザックザク/チュウワチーフ/モズケイスター/アリエスキング/ジェミート/モズタチアガレ/ヤマニンバロネス/ホウオウゴールド/アレ/スーパージョック/ゴルデールスカー/ステラスプレンダー,15,15,0,1500,0.0,0.0,15,0,1500,0.0,0.0,15,1500,0.0,0.0
2026-0725-07-02-01-07,ミュージシャン,ハーツコンチェルト/ウインデイジー/サダムオプシス/ミッキーゴールド/タイセイフェリーク/サトノクローク/ナムラフッカー/メイショウソウタ/エイカイマッケンロ/リンフレスカンテ,10,10,0,1000,0.0,0.0,10,0,1000,0.0,0.0,10,1000,0.0,0.0
2026-0725-07-02-01-08,ブラックシャリマー,スノースケープ/ロードフィレール,2,2,0,200,0.0,0.0,2,0,200,0.0,0.0,2,200,0.0,0.0
2026-0725-07-02-01-09,ワイズギャング,イーブンベター/ルビドゥソレイユ/ステライヴ/ダンシングドール/オブシディアーナ/ルクスコスモス/ヴァカンツァ/ドレドレ/ミスヘンリー/リンゲルブルーメ/ニーナバイリッカ/ナムラティアラ/テーオーアンジェラ/ラウルベア/リカード,15,15,0,1500,0.0,0.0,15,0,1500,0.0,0.0,15,1500,0.0,0.0
2026-0725-07-02-01-10,アスクチャンスマン,インシオン/ブルーストレイル/タイセイフリーデン/リアルペガサス/タマモヒロイン/ルルフィーユ,6,6,0,600,0.0,0.0,6,0,600,0.0,0.0,6,600,0.0,0.0
2026-0725-07-02-01-11,ケールハイム,ルージュスプリヤ,1,1,1,100,220.0,220.00000000000003,1,0,100,0.0,0.0,1,100,130.0,130.0
2026-0725-07-02-01-12,ビッグヒーロー,ララディアーブル/ミッキーラヴィータ,2,2,0,200,0.0,0.0,2,0,200,0.0,0.0,2,200,480.0,240.0
2026-0726-01-01-02-01,クラウスーラ,リアルクウカイ/ワイドウィンザー,2,2,0,200,0.0,0.0,2,0,200,0.0,0.0,2,200,0.0,0.0
2026-0726-01-01-02-02,プルーフリーディン,ルパピヨンブラン/ビレッジルイーザ,2,2,0,200,0.0,0.0,2,0,200,0.0,0.0,2,200,0.0,0.0
2026-0726-01-01-02-03,ハルヒメ,アンジュラフィーユ/ロジスカヤ/ロンドンプライド/モズヴイ/ランスオブラヴ/メイショウテンジン/サトノシュトローム/ユナダイヤ/フリーダムスタイル/メーテルリンク/ガルフコースト/クロノレガリス/ムーンリットレイン/モノノケ/ティンクルバレット,15,15,1,1500,9120.0,608.0,15,1,1500,12240.0,816.0,15,1500,3680.0,245.33333333333331
2026-0726-01-01-02-07,ビタミンドロップ,ナムラモモ/レネネト/ロードヴァルカン,3,3,0,300,0.0,0.0,3,0,300,0.0,0.0,3,300,0.0,0.0
2026-0726-01-01-02-08,デイトナチャンプ,コスモレッド/メイショウハッケイ/クイーンズワーフ/サンウリエル/トレヴィ/ダノンフィオーレ/トップオンザヒル/マジカルシャイン/ルクスアドラー/フクシマコウヨウ,10,10,0,1000,0.0,0.0,10,0,1000,0.0,0.0,10,1000,620.0,62.0
2026-0726-01-01-02-09,カルミアクラウン,マインセーラ,1,1,0,100,0.0,0.0,1,0,100,0.0,0.0,1,100,0.0,0.0
2026-0726-01-01-02-10,ヒズマスターピース,ジャズ,1,1,0,100,0.0,0.0,1,0,100,0.0,0.0,1,100,0.0,0.0
2026-0726-01-01-02-11,レクスノヴァス,ミラージュナイト,1,1,0,100,0.0,0.0,1,0,100,0.0,0.0,1,100,0.0,0.0
2026-0726-04-02-02-01,リリカルフレア,ブラックミューズ,1,1,0,100,0.0,0.0,1,0,100,0.0,0.0,1,100,130.0,130.0
2026-0726-04-02-02-03,ミスタートントン,ミエスタ,1,1,0,100,0.0,0.0,1,0,100,0.0,0.0,1,100,0.0,0.0
2026-0726-04-02-02-04,ココナッツコースト,ルモンテ,1,1,0,100,0.0,0.0,1,0,100,0.0,0.0,1,100,0.0,0.0
2026-0726-04-02-02-08,ステアハート,パイシャオピン/ケイツーリーブル/カーラデマドレ/スルーザナイト/パースウェイド/モモンウールー/アンドリーナ/ルトゥール/エターナルプロミス/ヴァズレーヌ/ベルイストワール/レーヴドレフォン,12,12,0,1200,0.0,0.0,12,0,1200,0.0,0.0,12,1200,0.0,0.0
2026-0726-04-02-02-09,キャネル,オーサムストローク/バラジ,2,2,0,200,0.0,0.0,2,0,200,0.0,0.0,2,200,0.0,0.0
2026-0726-04-02-02-12,ファランギーナ,ミナヅキ,1,1,0,100,0.0,0.0,1,0,100,0.0,0.0,1,100,0.0,0.0
2026-0726-07-02-02-01,メアグローリア,ルースソラール,1,1,0,100,0.0,0.0,1,0,100,0.0,0.0,1,100,140.0,140.0
2026-0726-07-02-02-03,ダノンミッドナイト,ナムラヴンダー/オープンザパンドラ/ダノンオブアイデア,3,3,1,300,310.0,103.33333333333334,3,1,300,490.0,163.33333333333334,3,300,410.0,136.66666666666666
2026-0726-07-02-02-04,アイランド,タイセイゼスティ/マーチンゲール/エアアルチーナ/グランシャン/クリコバロー/マテンロウアワー/ウォーブレイク/ディープシャロー/ウィスピア/シギーコルエンド/トラッドロア/マジックハンド/カツラコマチ/ラスカルキッド,14,14,0,1400,0.0,0.0,14,0,1400,0.0,0.0,14,1400,670.0,47.85714285714286
2026-0726-07-02-02-05,セッシュウ,ジョーカー/ペプチドレオン,2,2,0,200,0.0,0.0,2,0,200,0.0,0.0,2,200,270.0,135.0
2026-0726-07-02-02-06,サヴォアフェール,マディソンガール/ホウオウタイタン/エアビッグマム,3,3,0,300,0.0,0.0,3,0,300,0.0,0.0,3,300,0.0,0.0
2026-0726-07-02-02-09,スウィッチインラヴ,テルヴィセクス/ルクスノア/ダノンフェルゼン/インターポーザー/ゴージャス/チリーゴールド/ベルフラム/リアライズブラーヴ,8,8,0,800,0.0,0.0,8,0,800,0.0,0.0,8,800,0.0,0.0
2026-0726-07-02-02-10,ポッドリプル,アーガイルショア/マイティキングダム/ザングウィル,3,3,1,300,1530.0,509.99999999999994,3,1,300,2580.0,860.0,3,300,520.0,173.33333333333334
2026-0726-07-02-02-11,ペイシャシス,バースデイフライト/エイズルブルーム/シャンパンライフ/エンヴェロップ/カラペルソナ/ペプチドブッドレア/カモメガトンダ/ロケベンドラ/ポペット/ウォーターエアリー/ラガークイン/リトルスカーレット/オリーボーレン/ウォーターエルピス/マルモア,15,15,0,1500,0.0,0.0,15,0,1500,0.0,0.0,15,1500,0.0,0.0
2026-0726-07-02-02-12,チュウワメロディー,コースタルロード,1,1,0,100,0.0,0.0,1,0,100,0.0,0.0,1,100,0.0,0.0
2026-0801-01-01-03-01,ジャーナーリア,ペイシャクロス/ヒューザー/コシタンタン/フェアリーキャット/アトラップモア/アルデバローズ/サンタクローチェ/ペルヴォルム,8,8,0,800,0.0,0.0,8,0,800,0.0,0.0,8,800,0.0,0.0
2026-0801-01-01-03-03,リテラシー,アルジェンタム,1,1,0,100,0.0,0.0,1,0,100,0.0,0.0,1,100,430.0,430.0
2026-0801-01-01-03-04,アイドクレース,ブルースカイブルー,1,1,0,100,0.0,0.0,1,0,100,0.0,0.0,1,100,0.0,0.0
2026-0801-01-01-03-06,ウーマンズパワー,グッバイウェーブ/メモリーデイズ/テーオーナタリー/セガンティーニ/エスカレイト/パドゼフィール/アスコットアイ/シェーンルスカ,8,8,1,800,570.0,71.25,8,1,800,800.0,100.0,8,800,480.0,60.0
2026-0801-01-01-03-08,エスシービクトリア,エタンセル/メイショウコシュウ,2,2,0,200,0.0,0.0,2,0,200,0.0,0.0,2,200,0.0,0.0
2026-0801-01-01-03-09,ジョイエッロ,テルヒコウ,1,1,0,100,0.0,0.0,1,0,100,0.0,0.0,1,100,0.0,0.0
2026-0801-01-01-03-10,イヌボウノウタゴエ,ハヤブササキチャン/ルールザウェイヴ/ダノンプレサージュ,3,3,1,300,800.0,266.66666666666663,3,1,300,1450.0,483.3333333333333,3,300,630.0,210.0
2026-0801-01-01-03-12,エアニゲラ,ユージュアーナ,1,1,0,100,0.0,0.0,1,0,100,0.0,0.0,1,100,0.0,0.0
2026-0801-04-02-03-01,セイリュウ,スペシャルサンクス,1,1,0,100,0.0,0.0,1,0,100,0.0,0.0,1,100,0.0,0.0
2026-0801-04-02-03-04,ユニバーサルラヴ,メジロピオラ/タマモチョコチップ,2,2,0,200,0.0,0.0,2,0,200,0.0,0.0,2,200,0.0,0.0
2026-0801-04-02-03-05,サクラドール,レイズレガシー,1,1,0,100,0.0,0.0,1,0,100,0.0,0.0,1,100,0.0,0.0
2026-0801-04-02-03-06,コンフォルツァ,リカントロポ/エリカアンディーヴ/ミーントゥビー/クラッシファイド/セイロンジェムズ/タイセイプランセス/ホウオウトランプ/キーウェーブ/ツルマウカタチ/スピンザブラッド/コスモスプモーニ,11,11,1,1100,950.0,86.36363636363636,11,0,1100,0.0,0.0,11,1100,1040.0,94.54545454545455
2026-0801-04-02-03-07,ブルータス,ペンナヴェローチェ/ショウサンジョージ/アデランテ/アラレタバシル/ラフエイジアン/フームスムート/エイブラムス/ベルダイナフェロー/クロニクル/カフェニクス/サンセットブライト/オレデイイノカ/ゲンパチムサシ,13,13,0,1300,0.0,0.0,13,0,1300,0.0,0.0,13,1300,0.0,0.0
2026-0801-04-02-03-08,リアライズルミナス,ウィロークリーク/ディアアズール/スイートオレンジ/モウエエデショー/ベルウッドクレド/サフランルージュ/ティラーノ/ムーンストラック/クモヒトツナイ/マイネルボス/デリシュー,11,11,0,1100,0.0,0.0,11,0,1100,0.0,0.0,11,1100,700.0,63.63636363636363
2026-0801-04-02-03-09,エアサロメ,フィールマイプラン/クラシオン/ブリックンクリック/トモジャシーマ/グランルチャドール/ガルディーノ/キングクレオール/ホウオウルクソール/アルマーレシチー/グッドヴァイブス/ノーブルミステリー/デルマエアロール/アカツキロットリー,13,13,0,1300,0.0,0.0,13,0,1300,0.0,0.0,13,1300,0.0,0.0
2026-0801-04-02-03-10,ゴールドプレイヤー,ロードプレリュード/ゼンノスタニング/タマモブレイキン/ブライトラン/ノクターナルハント/ニュークリアス/デアトゥノウ/イネガラーブル/パワポケグッド/クリアーゲイル/ダイヒョウカーク/タニセンローマ/セイクリッドシチー,13,13,0,1300,0.0,0.0,13,0,1300,0.0,0.0,13,1300,1270.0,97.6923076923077
2026-0801-04-02-03-11,クリスタルドレス,ブライトエアリー,1,1,0,100,0.0,0.0,1,0,100,0.0,0.0,1,100,0.0,0.0
2026-0801-07-02-03-01,オスカーレイア,シャインラブ/ヤマニンイハナ/クラリスバローズ/フェーエンハフト,4,4,0,400,0.0,0.0,4,0,400,0.0,0.0,4,400,0.0,0.0
2026-0801-07-02-03-03,チェファルー,ソルアモール/シャリキモン/アイルドゥレーヴェ/パンキー/アージュドール/ゴリョウセイ/スーパービジー/ヴィーラー/ゴールドアベニュー/ウェイヴムーン/グリミスティ/メイショウユウゲン/サトノライトニング/シェーネエルデ/レッドジルベスター,15,15,1,1500,1360.0,90.66666666666666,15,1,1500,1760.0,117.33333333333333,15,1500,910.0,60.66666666666667
2026-0801-07-02-03-04,ウンナターシャ,クラテロス/ラミアスペランツァ/タガノアルテミス/メイショウメゴヒメ/フィデリス/ヤマニンエルファバ/タントレーベル/メイショウマグナ/スマートエトワール/キーテーマ/ベイニーニャ/キミガスキダ/アスタウイン/エアリアルグレース/ガビーズデトワール,15,15,1,1500,29610.0,1973.9999999999998,15,1,1500,36520.0,2434.666666666667,15,1500,8640.0,576.0
2026-0801-07-02-03-05,メイショウナナシロ,サトノグロリア/クロンヌジャン/メイショウジンソウ/レッドバベル/ニシノエビガタメ/サンライズジャッジ/チアフルラン/サラサダンディー/カセノナユタ/フォーシーファイン/レディトゥアタック/ジャッキーバローズ,12,12,1,1200,630.0,52.5,12,0,1200,0.0,0.0,12,1200,290.0,24.166666666666668
2026-0801-07-02-03-06,スナッピードレッサ,ニューオーリンズ/リサシテーション/ピエマンソン/スニーカースキル/ヤマニンアストロン/トゥロン/ヴィリアリート/ルシフェル/ランウインディ/レイズカイザー/ゴールデンオスカー/ナッカーフェイス/シゲルソロソロ/ホワイトガーベラ/メイショウクリフト,15,15,1,1500,1490.0,99.33333333333333,15,1,1500,2090.0,139.33333333333334,15,1500,740.0,49.333333333333336
2026-0801-07-02-03-07,アンドゥーリル,ケーブパール/ミエスペランサ/キングメーカー/テラメリタ/エポックヴィーナス/オールセインツ/ミストレス/ハワイアンティアレ,8,8,0,800,0.0,0.0,8,0,800,0.0,0.0,8,800,0.0,0.0
2026-0801-07-02-03-08,ビービークローサー,ボクマダネムイヨ,1,1,0,100,0.0,0.0,1,0,100,0.0,0.0,1,100,170.0,170.0
2026-0801-07-02-03-09,アバットゥータ,サマーアゲイン,1,1,0,100,0.0,0.0,1,0,100,0.0,0.0,1,100,0.0,0.0
2026-0801-07-02-03-10,プルメリアリノ,ハウリングウィンド,1,1,0,100,0.0,0.0,1,0,100,0.0,0.0,1,100,0.0,0.0
2026-0801-07-02-03-11,ピカキウイ,マーゴットレジーナ/シェーラ,2,2,0,200,0.0,0.0,2,0,200,0.0,0.0,2,200,0.0,0.0
2026-0801-07-02-03-12,サーディンラン,パスコード/ヴォーカライズ/メイショウビストロ/キングケープ/グレゴリオ/パーシャングレー/ウインラウダ/ウィテカービート/サマーブリザード,9,9,1,900,1250.0,138.88888888888889,9,1,900,2410.0,267.77777777777777,9,900,550.0,61.111111111111114
2026-0802-01-01-04-01,タガノシルフィー,ザンシュトーム/ワンダーアスク/ダノンルミエール/テリオスリコ/アインプロージット/ヒマラヤミュサ/ヨドノサファイア/クルサール/ローゾフィア/レーヌペスカ/ドゥブルヴェ,11,11,1,1100,5770.0,524.5454545454545,11,0,1100,0.0,0.0,11,1100,1530.0,139.0909090909091
2026-0802-01-01-04-02,エグジスタンス,ブルーエ/ショウナンバーボン/スカイピア/ニシノマーレ/ロックフラワー/グローリーバローズ/モンテール/ポセイドンテソーロ/シーシェル/ミアエッテ/メイショウタダツグ/アトリ,12,12,1,1200,1170.0,97.5,12,1,1200,1970.0,164.16666666666666,12,1200,1580.0,131.66666666666666
2026-0802-01-01-04-03,ワンダーブリッツ,ゴンフィンガー,1,1,1,100,180.0,180.0,1,1,100,230.0,229.99999999999997,1,100,120.0,120.0
2026-0802-01-01-04-04,ワンダフルデイズ,クオンタムスター,1,1,0,100,0.0,0.0,1,0,100,0.0,0.0,1,100,0.0,0.0
2026-0802-01-01-04-07,アールグレイ,メイショウローゼ/スリールーディカ/フクチャンブラック/フォーティンブラス/ワダツミ/デイズインザサン/アイアムコロンブス/ヤクジョ/ウインベルチェーロ/デルマアサマ/ゴールデンボブ,11,11,0,1100,0.0,0.0,11,0,1100,0.0,0.0,11,1100,0.0,0.0
2026-0802-01-01-04-08,ジーティーエスピ,ダブルチャレンジ/ディーズメンフィス/ザカリナン/サトノワーグナー/ブライトアゲイン/グレートスティック/ロードクラシコ/エコロハート/シャインズオンユー/ブライアーヒル/レッドカメリア/アースコーリング/アートフォーム,13,13,0,1300,0.0,0.0,13,0,1300,0.0,0.0,13,1300,1420.0,109.23076923076923
2026-0802-01-01-04-09,ヒットミー,パールフロント/ビーマックス/エコロレバン/アイアムイチバン/クインズシフォン/ララアヴリル/サベージラヴ/ジーベック/ベニシア/ストロングボンド,10,10,0,1000,0.0,0.0,10,0,1000,0.0,0.0,10,1000,0.0,0.0
2026-0802-01-01-04-10,ヘニーガイスト,チャーリー/サムシャイン/シーズザスローン,3,3,1,300,400.0,133.33333333333331,3,1,300,590.0,196.66666666666666,3,300,200.0,66.66666666666666
2026-0802-01-01-04-12,デンプシー,ミキノバカラ/ホウオウヘッセン/マテンロウサン/ベビーズブレス/ベルビースタローン/サンドロナイト/サンポーニャ/ライツユーアップ/トウカイエルデ/ニホンピロトッティ/バシレウスシチー/スイミーユニバンス/ピースフルナイト,13,13,1,1300,960.0,73.84615384615385,13,0,1300,0.0,0.0,13,1300,3330.0,256.15384615384613
2026-0802-04-02-04-01,サノノキセキ,ヴェントリナ/エコロテラ/ウィールズアップ/センカンナガト/ホワイトフレアー/エレスレイプニル/ノドゥス/タイセイルミナス/キミヘノメロディー,9,9,0,900,0.0,0.0,9,0,900,0.0,0.0,9,900,730.0,81.11111111111111
2026-0802-04-02-04-04,ウォーレーションズ,ツインドライヴ/サトノクラシカル/サングラント/ネイティヴプライド/ヤマタケボニータ/ジュングロワール/グラムエッジ/ヤマメナイト/テルケンレンタッチ/カミカクシ/ブリリアンス/アルティシエル/チャリティチャリス/グランフィエスタ,14,14,0,1400,0.0,0.0,14,0,1400,0.0,0.0,14,1400,0.0,0.0
2026-0802-04-02-04-05,レッドレガリア,セーヌデローヴ/チルチャンプ/フキョウワオン/ラグアイリータ/プラネタリーアワー/エクストラダーク/カルダモン/ビップマリク/アオゾラランチ/ナイトバード/ニシノトップダノン/レーザーキック/イバラヒメ/キタノアヤカ/ジーナグレイス/テンノルーキー/ルビーサンセット,17,17,0,1700,0.0,0.0,17,0,1700,0.0,0.0,17,1700,15170.0,892.3529411764706
2026-0802-04-02-04-07,ピューロマジック,アメリカンステージ/ビッグシーザー/アタリダイキチ/ベルギューン/カウスリップ/シュラフ/ウイングレイテスト/ロードトレイル/カウンターセブン/エコロレジーナ/クムシラコ/デュガ/テイエムスパーダ/ブーケファロス/バグラダス/ミカッテヨンデイイ,16,16,1,1600,14560.0,910.0,16,1,1600,22080.0,1380.0,16,1600,6190.0,386.875
2026-0802-04-02-04-08,ガーヴィ,キアラメンテ/リポサンテ/ゴバド/ノーザンタイタン/トランスマーレ/シアブリス/ミエノフェアリー/キューティリップ/ファストフォワード/ルンベーラ/ユメシルベ/ノーブルクラウド/ニシノコマチムスメ,13,13,0,1300,0.0,0.0,13,0,1300,0.0,0.0,13,1300,0.0,0.0
2026-0802-04-02-04-09,エコロガノン,メディチパワー/サトノシャムロック/ウリズンベー/サトノフェンサー,4,4,0,400,0.0,0.0,4,0,400,0.0,0.0,4,400,550.0,137.5
2026-0802-04-02-04-10,チームユートピア,トモジャオーリー,1,1,0,100,0.0,0.0,1,0,100,0.0,0.0,1,100,0.0,0.0
2026-0802-04-02-04-11,ヤマメホープ,クイーンズレイン,1,1,1,100,530.0,530.0,1,0,100,0.0,0.0,1,100,250.0,250.0
2026-0802-04-02-04-12,シャインアルプス,ウインテラジーナ,1,1,0,100,0.0,0.0,1,0,100,0.0,0.0,1,100,210.0,210.0
2026-0802-07-02-04-01,ビクスバイト,ゴールデンテティス/タイセイアビオン,2,2,1,200,780.0,390.0,2,0,200,0.0,0.0,2,200,310.0,155.0
2026-0802-07-02-04-04,クロカミジョウ,ナムラロダン/モズタイシソウシ/メテオロイド/マクアケ/プレデンシア/リアライズガイザー/グラマラス/ザキノフレンズ/ビービーシナジー/チョウスター/ディアデムドール/ラジャブルック/アステルディーヴァ/ジーティーリボーン/マルカスマッシュ,15,15,0,1500,0.0,0.0,15,0,1500,0.0,0.0,15,1500,0.0,0.0
2026-0802-07-02-04-06,アイニードユー,トミーバローズ/トライアンフパス,2,2,1,200,230.0,114.99999999999999,2,0,200,0.0,0.0,2,200,140.0,70.0
2026-0802-07-02-04-09,ゴールデンステップ,セイフウサツキ/ボールドハーテッド,2,2,1,200,360.0,180.0,2,0,200,0.0,0.0,2,200,450.0,225.0
2026-0802-07-02-04-11,レッドヴァリアート,メイショウアゴナス/バリオス/ジュンプリメーロ,3,3,0,300,0.0,0.0,3,0,300,0.0,0.0,3,300,0.0,0.0
2026-0802-07-02-04-12,アラビアンジョイ,アルジェンテーラ/モカプウイング/ケイアイブラック/ハピネスサンライズ/チヨ/エールドリー/リントゥラウル/マルモリキャスター/フィアレスウィル/ルージュエテルナ/グランスプリント/コカボムショット/カフラー/ホウオウスカイハイ,14,14,0,1400,0.0,0.0,14,0,1400,0.0,0.0,14,1400,0.0,0.0
2026-0808-01-01-05-01,ルージュボニート,ジェイストリーク/ルパピヨンブラン/マーゴットクリュグ/セラサイト/サンエンジェルス/フィーユレアル/シャドウルーラー/ルージュエピック/ワイルドカグラ/サマースプラッシュ/アルデバローズ/ハスカップジャム,12,12,1,1200,1710.0,142.5,12,1,1200,2860.0,238.33333333333334,12,1200,1260.0,105.0
2026-0808-01-01-05-02,チカバリエンテ,ショパンコンクール/リアルジャパン/ライフイズアート,3,3,0,300,0.0,0.0,3,0,300,0.0,0.0,3,300,0.0,0.0
2026-0808-01-01-05-04,モルニケ,ダノンフィオーレ/フレッチャアズーラ/バルボアパーク/ルーチェフィオーレ/ネッタイヤライ/コスモレッド/ペイシャアーサー/サンウリエル/ブライトフレア/スタードメイソン/アッシュバーグ,11,11,1,1100,1980.0,180.0,11,0,1100,0.0,0.0,11,1100,720.0,65.45454545454545
2026-0808-01-01-05-07,ワイドデコラシオン,ランドスター/テーオーナタリー/ロードヴァルカン,3,3,0,300,0.0,0.0,3,0,300,0.0,0.0,3,300,0.0,0.0
2026-0808-01-01-05-09,ビーチイン,デルマサクラサク/カルミアクラウン/ヴェールミューズ/オテンバプリンセス/ジーティーアリア/スリーケイ/ミリオンアップ/ランスノーブル/グルーヴィーオン/ブーケドグレイス/リュミナーズ/マインセーラ,12,12,0,1200,0.0,0.0,12,0,1200,0.0,0.0,12,1200,0.0,0.0
2026-0808-01-01-05-11,ナチュラルライズ,ウェイワードアクト/ヴァルツァーシャル/ペリエール/ルクソールカフェ/オメガギネス/ヒルノハンブルク/レヴォントゥレット/アクションプラン/テーオードレフォン,9,9,0,900,0.0,0.0,9,0,900,0.0,0.0,9,900,0.0,0.0
2026-0808-01-01-05-12,ジーネキング,ブラックジェダイト/ヒズマスターピース/ホウキボシ/マーゴットブロー,4,4,1,400,860.0,215.0,4,0,400,0.0,0.0,4,400,340.0,85.0
2026-0808-04-02-05-01,グルーヴェンス,ウインリスノアール/コスモルミナ/ヴィンチェローズ/コウソクレムリア/シュアシング/マイネルヴェスペル/クールボビー/エルシオン/トランサルピナ/アミノショコラ,10,10,0,1000,0.0,0.0,10,0,1000,0.0,0.0,10,1000,670.0,67.0
2026-0808-04-02-05-04,スティールヴォーグ,トラスティア/スノーランス,2,2,0,200,0.0,0.0,2,0,200,0.0,0.0,2,200,0.0,0.0
2026-0808-04-02-05-05,アラビアンドリーム,キタノドンカルロ/ユイノサダハル/コパノミラノ/ウォーレーションズ/オーロラボレアリス/キタイノホシ/オウケンサクラコ/パワポケウォーズ/クライングナウ/ロイヤルタイム/シンショク/ジーティーホクサイ/デルマカイモン/テキサスバローズ,14,14,1,1400,8230.0,587.8571428571429,14,1,1400,7130.0,509.2857142857143,14,1400,4830.0,345.0
2026-0808-04-02-05-06,ラベルセーヌ,クライスレリアーナ/キスアンドクライ,2,2,1,200,170.0,85.0,2,1,200,230.0,114.99999999999999,2,200,120.0,60.0
2026-0808-04-02-05-07,レガーロデルシエロ,レイニング/エストゥペンダ/ミアネーロ/ヴォンフレ/ディマイザキッド/シンハナーダ/アンリーロード/ジュンブロッサム/ヤマニンサンパ/ゴンバデカーブース/ゴートゥファースト/セントメモリーズ/ラインベック/ドラゴンヘッド/コスモブッドレア,15,15,0,1500,0.0,0.0,15,0,1500,0.0,0.0,15,1500,0.0,0.0
2026-0808-04-02-05-08,アンムート,ソニックウェーブ/トシミチ/ウンスイ,3,3,0,300,0.0,0.0,3,0,300,0.0,0.0,3,300,0.0,0.0
2026-0808-04-02-05-10,サレジオ,マツリダイコ,1,1,0,100,0.0,0.0,1,0,100,0.0,0.0,1,100,170.0,170.0
2026-0808-04-02-05-12,ブラッキッシュ,ポポラヴィスタ,1,1,0,100,0.0,0.0,1,0,100,0.0,0.0,1,100,0.0,0.0
2026-0808-07-02-05-01,ジーティーキャリー,メイショウジェード,1,1,1,100,490.0,490.00000000000006,1,1,100,550.0,550.0,1,100,170.0,170.0
2026-0808-07-02-05-03,タガノプディング,ピョイットハレルヤ/キャスケード/オーブフレッシュ/ワイルドチャーム/アスターエポワス/エルヴィオラ/ジュエルサンライズ/サウンドディアナ/ゼフィルス/トリビア/エターナルビジョン/タワワ/エルヴィッタ/ジャミールアイン/スナークオーロラ,15,15,1,1500,610.0,40.666666666666664,15,0,1500,0.0,0.0,15,1500,570.0,38.0
2026-0808-07-02-05-04,タニセンゴールド,インドミタビリティ/マイカラー/マテンロウアワー/ラヴィアンコール/クリノリキオー/キタノハイテイル/トゥレネヴェリテ/レディトゥフライト/メイショウゴッホ/ブラストオフ/ガラード/サンライズナスカ/グランドフィナーレ/チュウワヘネシー/イコミキマル,15,15,1,1500,4520.0,301.3333333333333,15,1,1500,6930.0,462.0,15,1500,4920.0,328.0
2026-0808-07-02-05-05,レイクラシック,ゼンノインヴォーク/エイシンビーコン,2,2,0,200,0.0,0.0,2,0,200,0.0,0.0,2,200,200.0,100.0
2026-0808-07-02-05-06,テイエムアイラン,オリバナム/ビップディラン,2,2,1,200,910.0,455.0,2,1,200,1540.0,770.0,2,200,400.0,200.0
2026-0808-07-02-05-07,ロードヴォイジャー,クァンタムウェーブ/インザモーメント/メイショウシナノ/ユウトザユウト/メイショウコガシラ,5,5,0,500,0.0,0.0,5,0,500,0.0,0.0,5,500,0.0,0.0
2026-0808-07-02-05-08,リアンドゥクール,ゴンタ/テーオーカイザー/バケラッタ/メイショウオグマ/スマートグロワール/エイユーファイヤー/レーンアジリティ/クレスコドルフィン/リアルペガサス/サンライズオスカー/ブルーストレイル,11,11,1,1100,3440.0,312.72727272727275,11,1,1100,4390.0,399.09090909090907,11,1100,1540.0,140.0
2026-0808-07-02-05-09,トーアマリシテン,ポワンキュルミナン/ベイビーベリッシモ/ゴールドブリーズ/ゲインサポート/ヒットアンドロール,5,5,0,500,0.0,0.0,5,0,500,0.0,0.0,5,500,0.0,0.0
2026-0808-07-02-05-10,エバイダンス,マユナイト/ヤマニンコルザ/ガルディエンヌ/カワキタベレッタ/シュクルリー/ザムーン/アリュウ/フェイトブレイカー/ヒルノジェノヴァ/グロリアスニケ/サンシャインビーチ/モチモチチャン/フルドフォルク,13,13,0,1300,0.0,0.0,13,0,1300,0.0,0.0,13,1300,410.0,31.538461538461537
2026-0808-07-02-05-11,テイエムスティール,オーバースタンド/レッドリガーレ/オーライカモン/グローブアマランス/シャーリーゴールド/ホールドミーワンス/エスティヴァリス/メイショウハボマイ/ゴージャス/インターポーザー,10,10,0,1000,0.0,0.0,10,0,1000,0.0,0.0,10,1000,0.0,0.0
2026-0808-07-02-05-12,ゴッドアイ,ティグリス/スターアスコット/ウイングサンライズ/グッデイ/ルージュマデイラ/マスティカーレ/フェブリノ/バルフルール/ココロザスノ/ハッピーリオン/タガノプトゥリ/ペスキエーラ/ミヤジマミコ/ルージュシャラポワ,14,14,0,1400,0.0,0.0,14,0,1400,0.0,0.0,14,1400,2240.0,160.0
2026-0809-01-01-06-01,シンゼンノト,サルトヴェローチェ/ベイビーブラザー/ハイビスカス/シャムスクッカ/カナデ/テムファイア/マーズエクレール/イチゴワタアメ/モーモーワン/エコロヴァルド,10,10,0,1000,0.0,0.0,10,0,1000,0.0,0.0,10,1000,0.0,0.0
2026-0809-01-01-06-02,スイーヴル,マーゴットオネイロ/カッサンドラ/メイショウマドンナ,3,3,1,300,350.0,116.66666666666667,3,1,300,630.0,210.0,3,300,530.0,176.66666666666666
2026-0809-01-01-06-04,バンダムソレール,サクセスゴールド/メイショウセンドウ/マイネルトレマーズ/メイショウノヴァス/ロジクリスエス/カプリースカラー/サクセスブルー/コサージュ/スナークホクサイ/シーンオブドリーム/ブルーメンフェスト/オルビスケリー,12,12,1,1200,920.0,76.66666666666667,12,1,1200,1740.0,145.0,12,1200,1630.0,135.83333333333334
2026-0809-01-01-06-06,ドンテスタマスター,シャンドラファール/ヘイジュード/ギオンバヤシ/ラッキーシグネチャ/フォーチュンローズ/タビニュ/テイエムプレミラン/ブリックアブラック/ダイナソーコー/マジックファイヤー/ミカレオス/エコロゼルダ/ハバタクジユウニ,13,13,1,1300,1530.0,117.6923076923077,13,1,1300,2840.0,218.46153846153845,13,1300,1310.0,100.76923076923077
2026-0809-01-01-06-07,トリニタリオ,メイショウローゼ/デルマフジ,2,2,1,200,550.0,275.0,2,1,200,770.0,385.0,2,200,520.0,260.0
2026-0809-01-01-06-08,サンデーパーティー,ピエナオルカ/タイキフィアリーベ/ブリオメンテ/ディアスポラ/ホウオウバローロ/クラウンアールシー/ノリノドラゴン/ホノボノ/ファミーユウルーズ,9,9,0,900,0.0,0.0,9,0,900,0.0,0.0,9,900,0.0,0.0
2026-0809-01-01-06-09,ニシノサリーナ,ウィングブルー/ハーモニーソング/ルージュベルベット,3,3,0,300,0.0,0.0,3,0,300,0.0,0.0,3,300,0.0,0.0
2026-0809-01-01-06-10,ベラジオワールド,プライベートアイズ,1,1,0,100,0.0,0.0,1,0,100,0.0,0.0,1,100,470.0,470.0
2026-0809-01-01-06-11,ブラックチャリス,マーブルパレス,1,1,0,100,0.0,0.0,1,0,100,0.0,0.0,1,100,0.0,0.0
2026-0809-01-01-06-12,グレーヌドジョワ,ゴーゴータカシ/ドーギッド,2,2,0,200,0.0,0.0,2,0,200,0.0,0.0,2,200,0.0,0.0
2026-0809-04-02-06-01,アオイノリプー,スーパーユタカ/エクスマキナ,2,2,0,200,0.0,0.0,2,0,200,0.0,0.0,2,200,0.0,0.0
2026-0809-04-02-06-03,ハングローズ,エコロセレナ/ローズオブジャパン,2,2,0,200,0.0,0.0,2,0,200,0.0,0.0,2,200,0.0,0.0
2026-0809-04-02-06-04,クリムゾンリーフ,カシマライフウ,1,1,0,100,0.0,0.0,1,0,100,0.0,0.0,1,100,250.0,250.0
2026-0809-04-02-06-05,シュヴァルツシルト,ゼファーテソーロ/アンバサダネージュ,2,2,0,200,0.0,0.0,2,0,200,0.0,0.0,2,200,0.0,0.0
2026-0809-04-02-06-06,ライヒスアドラー,カニキュル/テンミラクルスター/マカナ/デルアヴァー/コルレオニス/ガジュノリ/エラン/ハギノアルデバラン/モズロックンロール/エスコバル/サトノヴィレ/クリニクラウン,12,12,1,1200,490.0,40.833333333333336,12,1,1200,540.0,45.0,12,1200,1580.0,131.66666666666666
2026-0809-04-02-06-07,メルカントゥール,マクリール,1,1,0,100,0.0,0.0,1,0,100,0.0,0.0,1,100,0.0,0.0
2026-0809-04-02-06-08,ハニーローリエ,カレンデュラ,1,1,0,100,0.0,0.0,1,0,100,0.0,0.0,1,100,460.0,459.99999999999994
2026-0809-04-02-06-09,ピコテンダー,キョウエイカンフ/フィーチャリング/ハッピーウィズユー/シャンハイナイト/ダノンモンテローザ/レッドセニョール/アルジェンタージョ/マーゴットゲイン/フォンメイリー/プレアデスグループ/アスタールフナ/ダズリングダンス/タイセイピューマ/シュバルツガイスト,14,14,0,1400,0.0,0.0,14,0,1400,0.0,0.0,14,1400,0.0,0.0
2026-0809-04-02-06-10,ウップヘリーア,モートンアイランド,1,1,1,100,180.0,180.0,1,0,100,0.0,0.0,1,100,130.0,130.0
2026-0809-04-02-06-11,バンオンタイム,ワイズファミリア,1,1,0,100,0.0,0.0,1,0,100,0.0,0.0,1,100,0.0,0.0
2026-0809-04-02-06-12,オンナキュヌヴィ,エンジェルサン/シルバーアックス/ジェムシリカ/ココソラーレ/ミクロスギガース/ルナーファントム/シエラモレーナ/インザライムライト/フレアリングベリー/ロジシーザ/ハルカオル/ウィズアツインクル/サンロード/タイセイギガース,14,14,0,1400,0.0,0.0,14,0,1400,0.0,0.0,14,1400,0.0,0.0
2026-0809-07-02-06-01,ティタノマキア,チュオンソン/ワンダーリュクス/オレンジフィールド/マイコンプリート/レイアン/ラピス/ディアーモルタル/カミノトップワン/ゴナビーオーライト/ストラドーネ/キービート/バンブラボー/ニテンイチリュウ,13,13,0,1300,0.0,0.0,13,0,1300,0.0,0.0,13,1300,770.0,59.23076923076923
2026-0809-07-02-06-04,エイシンリブウェル,アラムシャピラス/スパルタンエックス,2,2,1,200,600.0,300.0,2,1,200,1040.0,520.0,2,200,290.0,145.0
2026-0809-07-02-06-05,バトルアックス,カレンパンピナップ/オンザノアール/サリカリーフォリア/リアライズブライト/ツァレヴナ/カクウチ/ルクスポップスター/ショウナンラウール/ハイクライテリア/ジャスティンルマン/マテンロウミラクル/ルシャリオ/ロイヤルテール/ヴァリアントマーチ,14,14,0,1400,0.0,0.0,14,0,1400,0.0,0.0,14,1400,0.0,0.0
2026-0809-07-02-06-06,マイバレンタイン,カレントゥルーシー/サトノアイボリー,2,2,0,200,0.0,0.0,2,0,200,0.0,0.0,2,200,210.0,105.0
2026-0809-07-02-06-09,メイショウソウセキ,アレナリア/アップストローク/アナザーエース/ナヴァラトゥナ/オリンポスカズマ/クリアクォーツ/ナスノソナタ/ヴィーデ/ヨシノヤッタルデー/ルクスマーベリック/ヴォンヌヴォー/スラッシュ,12,12,1,1200,580.0,48.333333333333336,12,1,1200,1010.0,84.16666666666667,12,1200,750.0,62.5
2026-0809-07-02-06-10,ラヴネヴァーダイズ,グランデスフィーダ/ナウオアネヴァー/リーグナイト/アメリカンビヨンド/アイファーモービル/プールナバドラ/サヨノパララックス/シンギタイ/スレッドザニードル/ガビーズブラザー/シュネーグロッケン/ワイルドブッター/メイプルギャング/リードプリンシパル,14,14,0,1400,0.0,0.0,14,0,1400,0.0,0.0,14,1400,7910.0,565.0
2026-0809-07-02-06-11,フロムレイブン,ウェルカムソング/マーゴットミスト/カラクニダケ/セクシーマージュ/アーリントンロウ/ヤマニンフェイエル/ベランジェール/モルティフレーバー/マーシーラン/スピリットライズ/フェリーニ/フランクスピード/パリコレジェンヌ/アウクソー/トウカイフルーレ/パレットフレイバー,16,16,1,1600,16090.0,1005.625,16,0,1600,0.0,0.0,16,1600,5240.0,327.5
2026-0809-07-02-06-12,ビッグヒーロー,ブランチアウト,1,1,0,100,0.0,0.0,1,0,100,0.0,0.0,1,100,0.0,0.0
