race_id,gap_rank_upper,gap_rank_lower,upper_horse,lower_horse,upper_score,lower_score,raw_gap,gap_ratio,cluster_above_size,gap_percentile,gap_strength,is_major_gap
2026-0704-02-01-07-01,1,2,アルテクィーン,ヌーンベルク,0.31459380829944483,0.23996415765607934,0.07462965064336549,1.3110033238810854,1,95.5719557195572,95.5719557195572,1
2026-0704-02-01-07-01,2,3,ヌーンベルク,ショウナンカノア,0.23996415765607934,0.10395282153511279,0.13601133612096655,2.308394847897661,2,99.06778015148574,99.06778015148574,1
2026-0704-02-01-07-02,1,2,トリニタリオ,ニシノマルガリート,0.2829702918501295,0.15457990241319733,0.12839038943693218,1.8305762096662495,1,98.77646144882502,98.77646144882502,1
2026-0704-02-01-07-03,3,4,ラショナルポイント,ウォータースパウト,0.2934418608744041,0.11108431270001046,0.18235754817439365,2.641613867359117,3,99.80578753155953,99.80578753155953,1
2026-0704-02-01-07-04,2,3,フルムーン,ブラックジャック,0.1866210644477368,0.09699347172498873,0.08962759272274806,1.9240579920355303,2,96.89260050495243,96.89260050495243,1
2026-0704-02-01-07-06,1,2,レッドフロイデ,ブレイズランナー,0.2854593083356183,0.1563658241173895,0.12909348421822878,1.8255863130380308,1,98.83472518935716,98.83472518935716,1
2026-0704-02-01-07-06,2,3,ブレイズランナー,メイショウセンドウ,0.1563658241173895,0.10765668172730261,0.04870914239008689,1.4524488550879593,2,91.61002136337153,91.61002136337153,1
2026-0704-02-01-07-07,1,2,デルマリシリ,メイショウハッケイ,0.41498549568149495,0.2494502075659503,0.16553528811554466,1.6636005226485129,1,99.61157506311905,99.61157506311905,1
2026-0704-02-01-07-07,3,4,ツルノマイハシ,ルージュナリッシュ,0.22940777441642732,0.0900889372664574,0.1393188371499699,2.5464588813819002,3,99.18430763255,99.18430763255,1
2026-0704-02-01-07-07,6,7,ストレイトアスク,ジュジュドール,0.08589333025440378,0.031879592002197935,0.054013738252205845,2.6943045647661323,6,92.67818993979414,92.67818993979414,1
2026-0704-02-01-07-08,2,3,ダノンヒストリー,グランアルト,0.22285710850417412,0.09481247346678265,0.12804463503739147,2.3505041093802035,2,98.75704020198097,98.75704020198097,1
2026-0704-02-01-07-10,2,3,ケイアイアギト,セボンサデッセ,0.2877568461792279,0.23096869168342465,0.05678815449580327,1.2458694902841614,2,93.12487861720723,93.12487861720723,1
2026-0704-02-01-07-10,3,4,セボンサデッセ,エアニゲラ,0.23096869168342465,0.15938303634234266,0.071585655341082,1.4491422486601488,3,95.08642454845601,95.08642454845601,1
2026-0704-02-01-07-11,1,2,サウスバンク,マーブルパレス,0.25651022816914615,0.17168169031810104,0.0848285378510451,1.4941035802587348,1,96.48475432122743,96.48475432122743,1
2026-0704-02-01-07-11,3,4,アンジュプロミス,エヴァンスウィート,0.16828204438997024,0.060249455196342915,0.10803258919362732,2.7930882336042235,3,97.96076908137502,97.96076908137502,1
2026-0704-02-01-07-12,2,3,ゴールドブレイズ,アチーヴァー,0.29459247947557365,0.09902194700708315,0.1955705324684905,2.9750220873207143,2,99.82520877840358,99.82520877840358,1
2026-0704-03-02-03-01,1,2,ウィンターブリーズ,コスモハナミズキ,0.3043754526315014,0.21681503227431023,0.08756042035719117,1.4038484759968644,1,96.71780928335599,96.71780928335599,1
2026-0704-03-02-03-01,2,3,コスモハナミズキ,レゾルーティオ,0.21681503227431023,0.14261526946966688,0.07419976280464335,1.5202792315336546,2,95.51369197902505,95.51369197902505,1
2026-0704-03-02-03-02,4,5,オープンザパンドラ,ミサダメキメル,0.1446195830795604,0.0688836112177974,0.07573597186176301,2.099477372379617,4,95.66906195377743,95.66906195377743,1
2026-0704-03-02-03-03,1,2,ワンダーブリッツ,イントゥザウインド,0.32524367959948147,0.2709546082320223,0.054289071367459196,1.2003622367661329,1,92.73645368032628,92.73645368032628,1
2026-0704-03-02-03-03,2,3,イントゥザウインド,キタノドンカルロ,0.2709546082320223,0.1873399315917357,0.08361467664028657,1.4463259697484332,2,96.38764808700718,96.38764808700718,1
2026-0704-03-02-03-03,3,4,キタノドンカルロ,ショウナンタヅナ,0.1873399315917357,0.09004227356206274,0.09729765802967297,2.0805775352019444,3,97.3781316760536,97.3781316760536,1
2026-0704-03-02-03-04,1,2,グレイシエーション,リーデレクオーレ,0.1824734630989354,0.129319557382746,0.05315390571618939,1.4110275877210918,1,92.5810837055739,92.5810837055739,1
2026-0704-03-02-03-04,2,3,リーデレクオーレ,アーリマックス,0.129319557382746,0.069607178472957,0.059712378909789005,1.8578480010217306,2,93.55214604777626,93.55214604777626,1
2026-0704-03-02-03-07,1,2,アールグレイ,ピースフルマインド,0.20360008231164814,0.1379690235687837,0.06563105874286443,1.4756941597846738,1,94.32899592153817,94.32899592153817,1
2026-0704-03-02-03-07,3,4,フレキシブル,ダイヤモンドパレス,0.12514521417864954,0.0798472299887154,0.04529798418993414,1.567308148276853,3,90.7749077490775,90.7749077490775,1
2026-0704-03-02-03-08,3,4,ゴーゴーパンチ,コスモシェルベット,0.15883904096123977,0.11313802143244141,0.04570101952879836,1.4039404167597893,3,90.89143523014177,90.89143523014177,1
2026-0704-03-02-03-09,1,2,アローメタル,コスモアチーブ,0.22989171912361617,0.11922712211269847,0.1106645970109177,1.928183076551264,1,98.13556030297144,98.13556030297144,1
2026-0704-03-02-03-09,4,5,ミッドセンチュリー,マイネルボス,0.11168335278221324,0.06260966351468286,0.049073689267530377,1.7838037534896174,4,91.70712759759176,91.70712759759176,1
2026-0704-03-02-03-10,1,2,ディーズゴールド,エリーナストーム,0.1574793422022728,0.08518217215138711,0.07229717005088569,1.848735929419574,1,95.14468828898815,95.14468828898815,1
2026-0704-03-02-03-11,1,2,ゲイルライダー,テセラリアン,0.2765675951151294,0.0967233092223344,0.179844285892795,2.8593686189891767,1,99.74752379102738,99.74752379102738,1
2026-0704-03-02-03-12,1,2,トワニ,ブラックティンカー,0.2068681000412878,0.15659040916150396,0.05027769087978384,1.3210777157362716,1,92.01786754709651,92.01786754709651,1
2026-0704-03-02-03-12,2,3,ブラックティンカー,リラベガ,0.15659040916150396,0.08657431542449794,0.07001609373700603,1.8087397907069511,2,94.77568459895124,94.77568459895124,1
2026-0704-10-02-03-01,1,2,アバットゥータ,テイエムリステット,0.2679443352276334,0.08602092544921597,0.18192340977841742,3.114873896419764,1,99.76694503787144,99.76694503787144,1
2026-0704-10-02-03-02,1,2,ランスオブラヴ,アイルトン,0.1137277223647123,0.06364307600850864,0.05008464635620366,1.7869614339430684,1,91.95960380656439,91.95960380656439,1
2026-0704-10-02-03-03,2,3,ドリームプレミア,シャリキモン,0.1970410127193613,0.1232145512049553,0.07382646151440601,1.5991699908203452,2,95.47484948533696,95.47484948533696,1
2026-0704-10-02-03-03,3,4,シャリキモン,テイエムプレミラン,0.1232145512049553,0.04937647683811183,0.07383807436684346,2.495409942044521,3,95.49427073218101,95.49427073218101,1
2026-0704-10-02-03-04,1,2,マーゴットガイア,アキノビューティー,0.3025634238769909,0.2378374671969127,0.06472595668007822,1.2721436510526312,1,94.21246844047387,94.21246844047387,1
2026-0704-10-02-03-04,2,3,アキノビューティー,アンティスマ,0.2378374671969127,0.18153841387640934,0.05629905332050336,1.3101219853051682,2,93.00835113614295,93.00835113614295,1
2026-0704-10-02-03-04,3,4,アンティスマ,ダノンロワール,0.18153841387640934,0.1206661239810879,0.06087228989532144,1.504468759640129,3,93.74635851621674,93.74635851621674,1
2026-0704-10-02-03-04,4,5,ダノンロワール,セントピュアベース,0.1206661239810879,0.05748617618518672,0.06317994779590119,2.099045927013348,4,94.07651971256554,94.07651971256554,1
2026-0704-10-02-03-06,1,2,ピコオーバル,キングズテイル,0.21085707566540746,0.16481872484786578,0.04603835081754168,1.2793271872479106,1,91.00796271120606,91.00796271120606,1
2026-0704-10-02-03-07,1,2,ホワイトフレイムス,ララディアーブル,0.2720287378956029,0.21371254062603934,0.05831619726956355,1.2728721351528314,1,93.41619731986793,93.41619731986793,1
2026-0704-10-02-03-07,4,5,ベンティガオルサ,フェブリノ,0.16663060959950868,0.09532103097264095,0.07130957862686772,1.7480991120137486,4,94.98931831423577,94.98931831423577,1
2026-0704-10-02-03-08,1,2,ブルーマッキンジー,エルル,0.30741870071478866,0.15914669937601597,0.1482720013387727,1.9316687177309935,1,99.35909885414644,99.35909885414644,1
2026-0704-10-02-03-09,1,2,グッドピース,フィオラーノ,0.15689552514867364,0.07528408433236441,0.08161144081630922,2.0840464029025147,1,96.25169935909885,96.25169935909885,1
2026-0704-10-02-03-11,1,2,ネブラディスク,サウンドムーブ,0.2852463612572963,0.23604799668233456,0.04919836457496174,1.2084252578562285,1,91.72654884443581,91.72654884443581,1
2026-0704-10-02-03-11,2,3,サウンドムーブ,ヴィスマール,0.23604799668233456,0.1080277097735214,0.12802028690881317,2.1850689714445113,2,98.73761895513692,98.73761895513692,1
2026-0704-10-02-03-12,1,2,ムーンリットアイル,ジャンヌローサ,0.23549360833821162,0.18651879114121306,0.04897481719699856,1.262573099993554,1,91.66828510390367,91.66828510390367,1
2026-0704-10-02-03-12,2,3,ジャンヌローサ,エピッククイーン,0.18651879114121306,0.11635937682910437,0.07015941431210869,1.6029545381215902,2,94.7951058457953,94.7951058457953,1
2026-0705-02-01-08-01,2,3,チカバリエンテ,キチロクタワー,0.2467970641258931,0.18229171459052465,0.06450534953536846,1.3538578244231478,2,94.19304719362984,94.19304719362984,1
2026-0705-02-01-08-01,3,4,キチロクタワー,ライーリーアース,0.18229171459052465,0.12882170993000644,0.05347000466051821,1.4150698254942464,3,92.65876869295009,92.65876869295009,1
2026-0705-02-01-08-02,1,2,グレイトソン,カッサンドラ,0.25492977038786846,0.12464652934915817,0.1302832410387103,2.0452215694972353,1,98.8541464362012,98.8541464362012,1
2026-0705-02-01-08-03,2,3,ジャストグレース,ニシノモリミチ,0.1376974697219936,0.0864465999394016,0.051250869782591996,1.592861602636986,2,92.1732375218489,92.1732375218489,1
2026-0705-02-01-08-04,2,3,ブルーエ,バレンタインビスタ,0.24786324593816178,0.19498965479624708,0.0528735911419147,1.2711610069629824,2,92.52281996504176,92.52281996504176,1
2026-0705-02-01-08-04,6,7,コスモファーブロス,チャーミングアイ,0.16407490844501255,0.08642658088685191,0.07764832755816063,1.8984310933208892,6,95.8632744222179,95.8632744222179,1
2026-0705-02-01-08-06,1,2,ショウナンマルチ,ギオンバヤシ,0.307706399473949,0.24941671613923153,0.058289683334717485,1.2337039964160963,1,93.37735482617984,93.37735482617984,1
2026-0705-02-01-08-06,2,3,ギオンバヤシ,ルナティックブルー,0.24941671613923153,0.12752103465741105,0.12189568148182048,1.9558868606210478,2,98.5239852398524,98.5239852398524,1
2026-0705-02-01-08-06,7,8,ゴコウコイコイ,ウインカトリーヌ,0.09586558015615178,0.03866345602750571,0.057202124128646066,2.479488126668027,7,93.29966983880365,93.29966983880365,1
2026-0705-02-01-08-07,1,2,ムーンブランシュ,キャンドルマス,0.2418583158837516,0.12422496063721393,0.11763335524653766,1.9469381567370638,1,98.40745775878813,98.40745775878813,1
2026-0705-02-01-08-08,1,2,ナクライト,アオハルブルース,0.2663828364588526,0.16325124243195063,0.10313159402690195,1.631735431170707,1,97.82482035346669,97.82482035346669,1
2026-0705-02-01-08-08,4,5,ゴールドドレッサ,ファンタイムギフト,0.14121628871695127,0.08023967376331406,0.06097661495363721,1.759930992908847,4,93.76577976306079,93.76577976306079,1
2026-0705-02-01-08-09,2,3,サンタアニタ,セイプリーズ,0.17981517687105902,0.07907570517788721,0.10073947169317181,2.2739623562831364,2,97.59176539133813,97.59176539133813,1
2026-0705-02-01-08-10,4,5,ジュンツバメガエシ,アスクデッドヒート,0.16970041044333714,0.09933054725879162,0.07036986318454552,1.708441311625988,4,94.87279083317149,94.87279083317149,1
2026-0705-02-01-08-11,2,3,プロミストジーン,ラタフォレスト,0.25316845299887086,0.14561956092560546,0.1075488920732654,1.7385607495974411,2,97.94134783453097,97.94134783453097,1
2026-0705-02-01-08-12,1,2,ララバニュルス,グランフィエルテ,0.3248660614398804,0.12731821076126967,0.19754785067861072,2.551607185628978,1,99.84463002524761,99.84463002524761,1
2026-0705-03-02-04-01,1,2,バーヴァンシー,ペールデュクラン,0.09830315397577769,0.05068823387719262,0.04761492009858506,1.9393683002241984,1,91.4740726354632,91.4740726354632,1
2026-0705-03-02-04-02,2,3,ブロークンハート,ゴールドパレード,0.17983296162506193,0.0920327578606502,0.08780020376441174,1.9540103524589896,2,96.77607302388813,96.77607302388813,1
2026-0705-03-02-04-03,1,2,マーゴットドライ,ワインダークシー,0.31185331601916233,0.197619474083207,0.11423384193595534,1.5780495189854498,1,98.23266653719169,98.23266653719169,1
2026-0705-03-02-04-03,3,4,ヤマメホープ,セシルブリュネ,0.18725307089748913,0.07750076480672675,0.10975230609076238,2.416144813079784,3,98.07729656243932,98.07729656243932,1
2026-0705-03-02-04-04,1,2,コウソクルリアン,フェイスリフト,0.2547269760399566,0.20822450674650128,0.046502469293455306,1.223328512191261,1,91.18275393280248,91.18275393280248,1
2026-0705-03-02-04-04,3,4,エリースノー,スピニンググローブ,0.1831762475929461,0.11984782257381185,0.06332842501913424,1.5284069719341922,3,94.1347834530977,94.1347834530977,1
2026-0705-03-02-04-07,1,2,ヴンダーバール,ケープウィッカム,0.30111109654454005,0.18564718969536273,0.11546390684917732,1.6219534324147191,1,98.32977277141192,98.32977277141192,1
2026-0705-03-02-04-07,3,4,マタミカンサン,ブルーサーマル,0.1855895914073425,0.12871657829433045,0.056873013113012044,1.441846837964905,3,93.18314235773937,93.18314235773937,1
2026-0705-03-02-04-07,7,8,ランスノーブル,リポジノ,0.11096075255589521,0.04819154085724673,0.06276921169864849,2.302494391797594,7,93.99883472518937,93.99883472518937,1
2026-0705-03-02-04-09,1,2,フェルミアーク,イゾラフェリーチェ,0.16531693284777324,0.09166250218336494,0.0736544306644083,1.8035393853537551,1,95.43600699164885,95.43600699164885,1
2026-0705-03-02-04-10,1,2,ベストミーエヴァー,グランカンタンテ,0.21688961115138758,0.06992165647876443,0.14696795467262314,3.101894635709297,1,99.32025636045833,99.32025636045833,1
2026-0705-03-02-04-11,1,2,メリークリスマス,ロジアデレード,0.23964160875077095,0.104885109895989,0.13475649885478197,2.2848010455289165,1,98.97067391726549,98.97067391726549,1
2026-0705-03-02-04-12,1,2,ピコレッド,トモジャオーリー,0.23389504351439724,0.08799947440319117,0.14589556911120607,2.6579140966541432,1,99.3008351136143,99.3008351136143,1
2026-0705-10-02-04-01,4,5,ドラギニャン,ストラクチャー,0.18094219719264248,0.09765797878306458,0.0832842184095779,1.8528152993477753,4,96.32938434647504,96.32938434647504,1
2026-0705-10-02-04-02,2,3,リエーヴェ,グレートキリシマ,0.20257275744423325,0.14375593024671202,0.05881682719752124,1.409143658258693,2,93.43561856671198,93.43561856671198,1
2026-0705-10-02-04-02,4,5,ヘキレキ,カシノヴィタ,0.14020452350734963,0.061507377196604304,0.07869714631074533,2.2794749166298387,4,96.01864439697029,96.01864439697029,1
2026-0705-10-02-04-03,1,2,ティタノマキア,メイショウコハル,0.23636805739476482,0.162666434077915,0.07370162331684982,1.453084397740887,1,95.45542823849291,95.45542823849291,1
2026-0705-10-02-04-03,3,4,ウィスカーパッド,オーマイラッキーン,0.15628795545887228,0.055093243206572974,0.10119471225229931,2.83678989223539,3,97.65002913187027,97.65002913187027,1
2026-0705-10-02-04-04,1,2,サトノロザリー,ファイアプレイス,0.26669621046268926,0.21570188471790241,0.05099432574478685,1.236411127382952,1,92.15381627500486,92.15381627500486,1
2026-0705-10-02-04-04,2,3,ファイアプレイス,メイワキラリ,0.21570188471790241,0.12755160995823794,0.08815027475966447,1.6910949598247016,2,96.79549427073219,96.79549427073219,1
2026-0705-10-02-04-07,1,2,パトローナス,トウカイジーク,0.130143326439444,0.07033732906102899,0.05980599737841502,1.8502739324452264,1,93.59098854146436,93.59098854146436,1
2026-0705-10-02-04-08,8,9,ビヨンドザドリーム,ラマヌジャン,0.06869273667808402,0.01900477147072864,0.04968796520735538,3.614499484189291,8,91.86249757234415,91.86249757234415,1
2026-0705-10-02-04-09,1,2,ダークマルス,アクロフェイズ,0.36537542303734305,0.2805125111553781,0.08486291188196493,1.302528081661779,1,96.50417556807147,96.50417556807147,1
2026-0705-10-02-04-09,2,3,アクロフェイズ,ムスクレスト,0.2805125111553781,0.17677178194286053,0.10374072921251759,1.586862496221544,2,97.84424160031074,97.84424160031074,1
2026-0705-10-02-04-09,3,4,ムスクレスト,ウィテカービート,0.17677178194286053,0.04601599032813946,0.13075579161472106,3.8415294484005047,3,98.87356768304525,98.87356768304525,1
2026-0705-10-02-04-11,1,2,デアヴェローチェ,サウンドモリアーナ,0.27910591083750474,0.15056993612714745,0.1285359747103573,1.8536629423938669,1,98.79588269566906,98.79588269566906,1
2026-0705-10-02-04-11,3,4,フリッカージャブ,ヤマニンアルリフラ,0.1426485418089897,0.09483735885609121,0.04781118295289849,1.504138701557985,3,91.5129151291513,91.5129151291513,1
2026-0705-10-02-04-12,1,2,システマソラー,タイセイジェイド,0.35444221592975284,0.15535198353420004,0.1990902323955528,2.2815429057700056,1,99.86405127209167,99.86405127209167,1
2026-0705-10-02-04-12,2,3,タイセイジェイド,ビズロード,0.15535198353420004,0.08725975353242581,0.06809223000177424,1.7803394720393189,2,94.52320838997863,94.52320838997863,1
2026-0711-02-01-09-01,2,3,ラピッドテソーロ,ウメヒナタ,0.20096028068130783,0.15455682633329423,0.0464034543480136,1.3002355538017247,2,91.14391143911439,91.14391143911439,1
2026-0711-02-01-09-01,4,5,ワイドウィンザー,ロゼハイスクール,0.1299475859823347,0.05686562572404573,0.07308196025828896,2.285169367746641,4,95.33890075742862,95.33890075742862,1
2026-0711-02-01-09-02,1,2,サラサチャチャチャ,ジーティービキニ,0.2387360280483201,0.17684712224225446,0.061888905806065625,1.3499570986588458,1,93.90172849096912,93.90172849096912,1
2026-0711-02-01-09-03,1,2,アルサック,クリオロゴールド,0.22981605771350552,0.17547849550771655,0.054337562205788975,1.3096536817720752,1,92.77529617401437,92.77529617401437,1
2026-0711-02-01-09-03,5,6,ルージュフローラ,ダノンルミエール,0.1199364982354488,0.06838692893785629,0.05154956929759251,1.7537927217705007,5,92.27034375606914,92.27034375606914,1
2026-0711-02-01-09-04,2,3,ウインアプローチ,マンサニージャ,0.2701046083497736,0.16933851250599002,0.1007660958437836,1.5950571689368016,2,97.61118663818216,97.61118663818216,1
2026-0711-02-01-09-04,8,9,インフィオラータ,アスコットダンス,0.09004543471801937,0.038246608881930155,0.05179882583608922,2.3543377400071117,8,92.30918624975723,92.30918624975723,1
2026-0711-02-01-09-06,2,3,モロノカガヤキ,ライトアファイア,0.19685843224915556,0.09427064504350424,0.10258778720565132,2.0882262146218356,2,97.7859778597786,97.7859778597786,1
2026-0711-02-01-09-06,7,8,ミスチヴマリアンヌ,ブライトラン,0.059028014542025165,0.012815442269166966,0.0462125722728582,4.606006823817726,7,91.0662264517382,91.0662264517382,1
2026-0711-02-01-09-07,1,2,ターンザテーブルス,アイドクレース,0.26151400602267727,0.21541472815490378,0.046099277867773486,1.2140024419993405,1,91.04680520489416,91.04680520489416,1
2026-0711-02-01-09-07,2,3,アイドクレース,ミッキーマドンナ,0.21541472815490378,0.16399848634510214,0.051416241809801644,1.3135165632053847,2,92.212080015537,92.212080015537,1
2026-0711-02-01-09-07,8,9,ベアサナエチャン,コスモレッド,0.09645107708373687,0.04304968169228093,0.05340139539145594,2.240459703585477,8,92.619926199262,92.619926199262,1
2026-0711-02-01-09-09,1,2,クリスレジーナ,エトワールブーケ,0.39401334401925175,0.1316352562999437,0.26237808771930804,2.993220472192147,1,100.0,100.0,1
2026-0711-02-01-09-11,2,3,ダンツファイター,インヴォーグ,0.1610422894969337,0.10025005493743554,0.06079223455949816,1.606405997457434,2,93.70751602252865,93.70751602252865,1
2026-0711-02-01-09-12,1,2,ビップムーラン,タイセイブルーム,0.3046048550481899,0.09753478877817325,0.20707006627001667,3.123038034572088,1,99.88347251893572,99.88347251893572,1
2026-0711-03-02-05-01,1,2,トゥラッタッタ,ネイチャーシップ,0.2084196462909423,0.13921672589310446,0.06920292039783785,1.4970876879475983,1,94.67857836473101,94.67857836473101,1
2026-0711-03-02-05-01,2,3,ネイチャーシップ,シャンデルナゴル,0.13921672589310446,0.0936306861422594,0.04558603975084506,1.4868707218655124,2,90.83317148960963,90.83317148960963,1
2026-0711-03-02-05-02,1,2,サイモンセレーノ,タマモチョコチップ,0.1782731990462863,0.13497675186490737,0.04329644718137893,1.320769662798765,1,90.21169159060011,90.21169159060011,1
2026-0711-03-02-05-02,2,3,タマモチョコチップ,ワイルドミュール,0.13497675186490737,0.059961466504302244,0.07501528536060513,2.2510582167836533,2,95.61079821324529,95.61079821324529,1
2026-0711-03-02-05-03,4,5,コスモシグナス,トーセンマスラオ,0.17958803637781864,0.0873660615275458,0.09222197485027285,2.055581231863085,4,97.06739172654885,97.06739172654885,1
2026-0711-03-02-05-04,3,4,スティールヴォーグ,セブンワンダーズ,0.19150387211669168,0.10189882516327513,0.08960504695341655,1.8793530917539045,3,96.87317925810837,96.87317925810837,1
2026-0711-03-02-05-06,2,3,フクオトコ,ムーングレイル,0.20250941537465916,0.10764211566476309,0.09486729970989607,1.881321396593017,2,97.22276170130122,97.22276170130122,1
2026-0711-03-02-05-07,2,3,イモータリス,ヴァンデスペランス,0.2760681133962885,0.15650894574411398,0.11955916765217453,1.7639126765804756,2,98.42687900563216,98.42687900563216,1
2026-0711-03-02-05-07,4,5,ボニープリンス,ニヴルヘイム,0.13622406393193182,0.07849738023471879,0.057726683697213024,1.7353963090819298,4,93.35793357933579,93.35793357933579,1
2026-0711-03-02-05-08,5,6,ゼファーテソーロ,マサノピンクレディ,0.1604852020067778,0.09065202867948455,0.06983317332729325,1.7703431941297214,5,94.73684210526315,94.73684210526315,1
2026-0711-03-02-05-09,3,4,サトノソティラス,キングズトゥルー,0.17201007530570508,0.0860248248580119,0.08598525044769319,1.999539965232315,3,96.62070304913576,96.62070304913576,1
2026-0711-03-02-05-11,1,2,クリエープキー,レッドアヴァンティ,0.17731104320746208,0.12019425978061232,0.057116783426849754,1.4752039201464666,1,93.24140609827151,93.24140609827151,1
2026-0711-10-02-05-01,1,2,ミエルモーサ,カレンハウ,0.2710327472587434,0.16897213888800822,0.10206060837073516,1.6040085012972414,1,97.72771411924646,97.72771411924646,1
2026-0711-10-02-05-01,4,5,クリコキアナ,バクソウシャチョウ,0.1528875073704276,0.08668540875786998,0.06620209861255763,1.7637052136129805,4,94.4261021557584,94.4261021557584,1
2026-0711-10-02-05-02,1,2,ダイメイクマモト,タガノラヴズワン,0.2807731052954454,0.2096585996044153,0.07111450569103012,1.3391919331008089,1,94.96989706739173,94.96989706739173,1
2026-0711-10-02-05-02,3,4,ルパピヨンブラン,ソルアモール,0.20955385945987576,0.14630024042350653,0.06325361903636922,1.4323548536438773,3,94.0959409594096,94.0959409594096,1
2026-0711-10-02-05-02,4,5,ソルアモール,アスクハッピーマン,0.14630024042350653,0.09745050985439302,0.048849730569113514,1.5012773216076858,4,91.64886385705962,91.64886385705962,1
2026-0711-10-02-05-03,1,2,トラカイキャッスル,ベルトナリテ,0.13759985310322537,0.08271210414660532,0.05488774895662005,1.6635999594368045,1,92.8724024082346,92.8724024082346,1
2026-0711-10-02-05-04,1,2,ジョーカー,ゴールデンドラゴン,0.2722956257457424,0.20528950592625536,0.06700611981948704,1.3263981737262165,1,94.48436589629054,94.48436589629054,1
2026-0711-10-02-05-04,2,3,ゴールデンドラゴン,ワルトシュタイン,0.20528950592625536,0.08931645156439452,0.11597305436186084,2.298451207258807,2,98.34919401825597,98.34919401825597,1
2026-0711-10-02-05-06,1,2,チュウワメロディー,ヒッグスボソン,0.30064422477364344,0.13602735911826533,0.16461686565537811,2.2101746789942194,1,99.57273256943095,99.57273256943095,1
2026-0711-10-02-05-06,2,3,ヒッグスボソン,ヒャクギマル,0.13602735911826533,0.08884785345542423,0.0471795056628411,1.5310145808588553,2,91.37696640124297,91.37696640124297,1
2026-0711-10-02-05-07,3,4,カレントゥルーシー,ウインラウダ,0.1781106074047555,0.09684621595520024,0.08126439144955527,1.839107554673557,3,96.2322781122548,96.2322781122548,1
2026-0711-10-02-05-08,1,2,ジョアン,オヤツノジカン,0.2273798038848095,0.11799391568208567,0.10938588820272382,1.9270468529703286,1,98.05787531559527,98.05787531559527,1
2026-0711-10-02-05-08,6,7,アンリーベイビー,オブシディアーナ,0.0793651662167978,0.03312258916724272,0.04624257704955508,2.3961039342687513,6,91.12449019227034,91.12449019227034,1
2026-0711-10-02-05-09,2,3,ダノンテムズ,バリオス,0.17191919677728576,0.09851572986347375,0.07340346691381201,1.7450938750140397,2,95.37774325111673,95.37774325111673,1
2026-0711-10-02-05-12,1,2,ムーンリットアイル,ダノンプリマ,0.2684579965197124,0.20305033417171797,0.06540766234799444,1.3221253617473967,1,94.27073218100603,94.27073218100603,1
2026-0711-10-02-05-12,2,3,ダノンプリマ,タイガーロード,0.20305033417171797,0.11036957744814892,0.09268075672356905,1.839731009816632,2,97.10623422023694,97.10623422023694,1
2026-0712-02-01-10-01,2,3,ビタミンドロップ,マーゴットオネイロ,0.25529228735141074,0.19351823185695016,0.06177405549446058,1.3192156878537642,2,93.84346475043698,93.84346475043698,1
2026-0712-02-01-10-01,3,4,マーゴットオネイロ,サンライズロイ,0.19351823185695016,0.11803989188291393,0.07547833997403623,1.6394307786125784,3,95.63021946008934,95.63021946008934,1
2026-0712-02-01-10-01,4,5,サンライズロイ,ホワイトラバーズ,0.11803989188291393,0.061483397198584464,0.05655649468432947,1.91986613071588,4,93.06661487667508,93.06661487667508,1
2026-0712-02-01-10-03,1,2,ビンバラ,ホウオウロレンシア,0.2425083230443358,0.14498850767018637,0.09751981537414944,1.672603759713034,1,97.41697416974169,97.41697416974169,1
2026-0712-02-01-10-03,2,3,ホウオウロレンシア,ハイテイラオユエ,0.14498850767018637,0.053194013616699155,0.09179449405348722,2.7256545955515232,2,97.02854923286075,97.02854923286075,1
2026-0712-02-01-10-04,1,2,ヴィラジョヴィス,タケルフォーカス,0.20657879733516454,0.14996379135283985,0.05661500598232469,1.37752450422595,1,93.08603612351914,93.08603612351914,1
2026-0712-02-01-10-04,3,4,ハルノアメ,ダディーズソード,0.12191132017384869,0.059145865723758954,0.06276545445008974,2.0611976624576953,3,93.97941347834531,93.97941347834531,1
2026-0712-02-01-10-06,1,2,ルージュフィーリア,サトノフレイ,0.20965133125716637,0.1522430495485321,0.05740828170863427,1.3770831041474483,1,93.3190910856477,93.3190910856477,1
2026-0712-02-01-10-06,2,3,サトノフレイ,ミルトメロディー,0.1522430495485321,0.1047625879256791,0.04748046162285301,1.4532196327236275,2,91.43523014177511,91.43523014177511,1
2026-0712-02-01-10-07,1,2,コイタマチャン,マリブサーフ,0.23078423609320017,0.16039046902889906,0.07039376706430112,1.4388899632908836,1,94.89221208001554,94.89221208001554,1
2026-0712-02-01-10-09,1,2,コッツォリーノ,ラブリーリディア,0.21001870507367884,0.15840780541239285,0.051610899661285986,1.3258103319272945,1,92.28976500291319,92.28976500291319,1
2026-0712-02-01-10-09,2,3,ラブリーリディア,テルヒコウ,0.15840780541239285,0.1125581525925324,0.04584965281986045,1.4073419096157262,2,90.94969897067392,90.94969897067392,1
2026-0712-02-01-10-10,2,3,エコロレバン,デアプリームス,0.2521333935287494,0.20797571822411948,0.04415767530462994,1.2123213021293409,2,90.48358904641678,90.48358904641678,1
2026-0712-02-01-10-10,3,4,デアプリームス,カネコメブライト,0.20797571822411948,0.1642686321578155,0.04370708606630397,1.2660707981321344,3,90.36706156535249,90.36706156535249,1
2026-0712-02-01-10-10,7,8,ヒットミー,ビーマックス,0.08931611264503858,0.04307573899973453,0.046240373645304055,2.0734667522613837,7,91.1050689454263,91.1050689454263,1
2026-0712-02-01-10-11,1,2,レディネス,ストレイトトーカー,0.1425878360400176,0.09962586942892543,0.04296196661109217,1.431233040748938,1,90.15342785006798,90.15342785006798,1
2026-0712-02-01-10-12,1,2,ハッピーラッキー,シャルトル,0.22381142026490722,0.15745964664404252,0.0663517736208647,1.4213890671993015,1,94.44552340260245,94.44552340260245,1
2026-0712-02-01-10-12,2,3,シャルトル,ダブルチャレンジ,0.15745964664404252,0.09604104044748411,0.06141860619655841,1.6395037570437663,2,93.80462225674889,93.80462225674889,1
2026-0712-02-01-10-12,3,4,ダブルチャレンジ,サンポーニャ,0.09604104044748411,0.050297978094410695,0.04574306235307342,1.9094413749040255,3,90.91085647698583,90.91085647698583,1
2026-0712-03-02-06-01,1,2,トーアマリシテン,モスクロッサー,0.2160051648169537,0.13984724737608203,0.07615791744087166,1.5445793097097233,1,95.72732569430957,95.72732569430957,1
2026-0712-03-02-06-02,1,2,クリムゾンリーフ,アーティキュレート,0.18937332577832386,0.11184386070205099,0.07752946507627287,1.693193748763817,1,95.8244319285298,95.8244319285298,1
2026-0712-03-02-06-03,1,2,ヴァルカンテソーロ,ブライスフェアリー,0.33064131694447896,0.0878968129345948,0.24274450400988418,3.761698586165048,1,99.98057875315595,99.98057875315595,1
2026-0712-03-02-06-06,2,3,ミスタートントン,イイクニパッション,0.3327365462481969,0.261200868703718,0.07153567754447887,1.2738722803622153,2,95.04758205476791,95.04758205476791,1
2026-0712-03-02-06-06,4,5,ニンジャトットリ,ミラビリオン,0.2199429747354685,0.13557657138707618,0.08436640334839232,1.6222786318111193,4,96.46533307438338,96.46533307438338,1
2026-0712-03-02-06-07,1,2,キッショウダラニ,ノーブルクロンヌ,0.26160084456425065,0.09737479334320888,0.16422605122104178,2.6865355558928665,1,99.53389007574286,99.53389007574286,1
2026-0712-03-02-06-08,1,2,デンプシー,ミスターマーボー,0.27304624744188105,0.1862383787929274,0.08680786864895365,1.4661115996154186,1,96.6401242959798,96.6401242959798,1
2026-0712-03-02-06-08,3,4,アイアンパイク,ラブリーガール,0.18571094792765122,0.12856047313380353,0.05715047479384769,1.444541571765736,3,93.2802485919596,93.2802485919596,1
2026-0712-03-02-06-09,1,2,ルージュリリック,サルワールカミーズ,0.16530696279353396,0.11649452242413011,0.04881244036940385,1.4190106054230502,1,91.62944261021558,91.62944261021558,1
2026-0712-03-02-06-10,2,3,ドバイブルース,サトミノエンジェル,0.16809798873586132,0.08278871621937367,0.08530927251648765,2.030445650231307,2,96.54301806175957,96.54301806175957,1
2026-0712-03-02-06-12,1,2,サンマルノヴェル,ピコテンダー,0.1860208709854342,0.1358950270560756,0.05012584392935862,1.3688570878217254,1,91.97902505340842,91.97902505340842,1
2026-0712-03-02-06-12,2,3,ピコテンダー,クリノオリーブ,0.1358950270560756,0.06359555879706892,0.07229946825900667,2.1368634795664208,2,95.1641095358322,95.1641095358322,1
2026-0712-10-02-06-02,1,2,タガノプディング,クロカミジョウ,0.2963144406276246,0.21330687839272439,0.08300756223490019,1.3891462050373875,1,96.29054185278694,96.29054185278694,1
2026-0712-10-02-06-02,2,3,クロカミジョウ,キャッチアシーフ,0.21330687839272439,0.16762026146029582,0.045686616932428564,1.2725602294997633,2,90.87201398329773,90.87201398329773,1
2026-0712-10-02-06-02,4,5,キタノプレミアム,ナブッコ,0.15931738172293394,0.09948656789771369,0.05983081382522025,1.601395897853616,4,93.61040978830842,93.61040978830842,1
2026-0712-10-02-06-03,2,3,ラルヴァンダード,ブルーザー,0.1996650761954192,0.12812358549675226,0.07154149069866694,1.5583787748468874,2,95.06700330161196,95.06700330161196,1
2026-0712-10-02-06-03,4,5,ダノンワンダー,ヴィスメンティス,0.12206999229204332,0.06453310822675705,0.05753688406528627,1.8915870573460156,4,93.33851233249175,93.33851233249175,1
2026-0712-10-02-06-04,1,2,ブランチアウト,セルヴァジオ,0.25993627281165205,0.2107251543554597,0.04921111845619236,1.2335322453871884,1,91.7653913381239,91.7653913381239,1
2026-0712-10-02-06-04,5,6,レッドパラジウム,フェブリノ,0.18940615516122625,0.1296480925245006,0.059758062636725645,1.4609251202475864,5,93.57156729462032,93.57156729462032,1
2026-0712-10-02-06-04,6,7,フェブリノ,エイシンニケ,0.1296480925245006,0.06400489814251141,0.06564319438198919,2.0255964197588443,6,94.34841716838221,94.34841716838221,1
2026-0712-10-02-06-07,1,2,コルヴァス,エアフォースワン,0.16097144007889821,0.10425328189849883,0.05671815818039938,1.5440419442681936,1,93.10545737036318,93.10545737036318,1
2026-0712-10-02-06-08,1,2,ペイシャシス,ミッキーマーメイド,0.2801359921188801,0.17964238819319217,0.1004936039256879,1.559409195883181,1,97.57234414449407,97.57234414449407,1
2026-0712-10-02-06-08,4,5,ミリタリータトゥー,コンバットペスカ,0.16868006613021289,0.08919048482698617,0.07948958130322671,1.8912338738535002,4,96.11575063119052,96.11575063119052,1
2026-0712-10-02-06-08,5,6,コンバットペスカ,エレガンシア,0.08919048482698617,0.037043148311232496,0.05214733651575368,2.4077458016693787,5,92.38687123713343,92.38687123713343,1
2026-0712-10-02-06-09,1,2,ホウショウルクス,ショウナンバンライ,0.264466265938854,0.16460773717940702,0.09985852875944695,1.6066454133356471,1,97.53350165080599,97.53350165080599,1
2026-0712-10-02-06-09,3,4,タガノアニマシオン,ブルックリンダンス,0.15503498122320125,0.10431535074065508,0.05071963048254617,1.4862144461234994,3,92.07613128762867,92.07613128762867,1
2026-0712-10-02-06-11,2,3,モンブランミノル,ジンセイ,0.19554257643424866,0.1303862769891182,0.06515629944513046,1.499717462218576,2,94.25131093416196,94.25131093416196,1
2026-0712-10-02-06-12,1,2,ベルファスト,ドルチェミスト,0.19955851291700175,0.13774225441678511,0.06181625850021663,1.448782102209326,1,93.86288599728103,93.86288599728103,1
2026-0718-02-01-11-01,2,3,ロジクラウン,ガーシュウィン,0.29983008034174446,0.12895619341799788,0.17087388692374658,2.325053744180219,2,99.66983880365119,99.66983880365119,1
2026-0718-02-01-11-02,2,3,ドリームガッサン,チュラヴェール,0.16648079407097516,0.06731421947399346,0.0991665745969817,2.4731891028654687,2,97.51408040396193,97.51408040396193,1
2026-0718-02-01-11-03,3,4,ポップアップ,ザンテソーロ,0.1995369150561351,0.10903583995859577,0.09050107509753934,1.8300121788570194,3,96.97028549232861,96.97028549232861,1
2026-0718-02-01-11-04,1,2,ニシノオールワン,ホウオウザロイヤル,0.23362112117249365,0.16473957007193216,0.06888155110056149,1.418123897436936,1,94.62031462419887,94.62031462419887,1
2026-0718-02-01-11-05,1,2,モンロワイヤル,イトシサ,0.24176450735631544,0.14269456644986878,0.09906994090644666,1.694279700840969,1,97.47523791027383,97.47523791027383,1
2026-0718-02-01-11-06,2,3,ショウナンマルチ,ジュラトリー,0.2940087782147814,0.18475948298342817,0.10924929523135321,1.5913054824966804,2,98.03845406875121,98.03845406875121,1
2026-0718-02-01-11-06,3,4,ジュラトリー,テンユウ,0.18475948298342817,0.12260835018255291,0.06215113280087527,1.506907830570575,3,93.92114973781317,93.92114973781317,1
2026-0718-02-01-11-08,3,4,マテンロウオリジン,アスクファイアモア,0.24095144283121425,0.16241833866369013,0.07853310416752413,1.4835236267878462,3,95.99922315012623,95.99922315012623,1
2026-0718-02-01-11-08,8,9,バルドル,シャインバオバブ,0.11577626270601164,0.060990555667572395,0.05478570703843925,1.8982654189453112,8,92.79471742085842,92.79471742085842,1
2026-0718-02-01-11-09,1,2,ドッグウッド,グランセゾン,0.29306643985868897,0.11094138500215732,0.18212505485653163,2.641633145764226,1,99.78636628471548,99.78636628471548,1
2026-0718-02-01-11-10,1,2,マナボニート,アパッシメント,0.2818977067582647,0.1428750754498284,0.1390226313084363,1.9730362757166495,1,99.16488638570597,99.16488638570597,1
2026-0718-02-01-11-11,3,4,ヒルノハンブルク,レヴォントゥレット,0.14625053128508547,0.0959897837484001,0.05026074753668537,1.5236051751968145,3,91.99844630025248,91.99844630025248,1
2026-0718-02-01-11-12,2,3,ランプローグ,ルージュベルベット,0.19328988682686268,0.15058891036567484,0.04270097646118784,1.2835599006427307,2,90.05632161584774,90.05632161584774,1
2026-0718-03-02-07-01,1,2,シュネーバレン,エーアイクワイ,0.25800837483783706,0.1888909253879802,0.06911744944985687,1.3659119637848682,1,94.65915711788698,94.65915711788698,1
2026-0718-03-02-07-01,4,5,ショウナンハーヴェ,アイデアルカット,0.14792652856363753,0.035097417228654636,0.11282911133498288,4.214741147472973,4,98.1938240435036,98.1938240435036,1
2026-0718-03-02-07-02,1,2,ビップヴィーナス,サノノキセキ,0.3169587021123135,0.2357690896719926,0.08118961244032089,1.3443607156191415,1,96.21285686541076,96.21285686541076,1
2026-0718-03-02-07-02,2,3,サノノキセキ,ウィナーズチェック,0.2357690896719926,0.12197403175870049,0.1137950579132921,1.932944957812096,2,98.21324529034764,98.21324529034764,1
2026-0718-03-02-07-03,2,3,ニンジャトットリ,ゲンテン,0.20149017076402925,0.06605725209936884,0.1354329186646604,3.0502354300316776,2,98.99009516410953,98.99009516410953,1
2026-0718-03-02-07-06,2,3,アデルフィー,カシマライフウ,0.24239555110108157,0.19856477008847076,0.043830781012610814,1.2207379536313614,2,90.40590405904058,90.40590405904058,1
2026-0718-03-02-07-06,4,5,アラビアンドリーム,オートカリテ,0.1647177080152362,0.08764852629770507,0.07706918171753112,1.8792980894597089,4,95.78558943484171,95.78558943484171,1
2026-0718-03-02-07-07,1,2,ベアダイヤモンド,ベルトラッキ,0.2765716885269119,0.181043840242246,0.09552784828466587,1.527650364446781,1,97.26160419498932,97.26160419498932,1
2026-0718-03-02-07-12,1,2,ベルゼビュート,ソニックブレイカー,0.2757834711561649,0.20097346775513425,0.07481000340103067,1.3722382075437891,1,95.59137696640124,95.59137696640124,1
2026-0718-03-02-07-12,3,4,ロイヤルスパイア,アイアンナックル,0.19270232186854871,0.0883145047535863,0.10438781711496241,2.182000820886938,3,97.90250534084288,97.90250534084288,1
2026-0718-10-02-07-01,1,2,タイセイレスポンス,セイウンパシュート,0.18580293315996085,0.11360363137486153,0.07219930178509933,1.635536918242173,1,95.1252670421441,95.1252670421441,1
2026-0718-10-02-07-02,1,2,ニシノフランケン,ブレイクガール,0.23961072202773717,0.11651585842568415,0.12309486360205302,2.056464461278162,1,98.58224898038455,98.58224898038455,1
2026-0718-10-02-07-03,3,4,サトノロザリー,メイショウマドンナ,0.1685440759053435,0.10960070120938768,0.05894337469595583,1.5378010728539675,3,93.47446106040009,93.47446106040009,1
2026-0718-10-02-07-03,4,5,メイショウマドンナ,ハーブドーレ,0.10960070120938768,0.05757027131220026,0.052030429897187425,1.9037725324417771,4,92.34802874344533,92.34802874344533,1
2026-0718-10-02-07-04,1,2,スマイルスルー,オールザワールド,0.33745739537096925,0.20283550415599116,0.13462189121497808,1.6636998378323686,1,98.95125267042144,98.95125267042144,1
2026-0718-10-02-07-04,7,8,スノーディーヴァ,ヴァレッタカズマ,0.09477980224949527,0.05024003194082755,0.044539770308667716,1.8865394504750002,7,90.63895902116916,90.63895902116916,1
2026-0718-10-02-07-06,2,3,キングズテイル,ムソウテンセイ,0.15626861705991754,0.10664051945503082,0.04962809760488672,1.4653774930814583,2,91.82365507865605,91.82365507865605,1
2026-0718-10-02-07-08,2,3,フウセン,ワンダフルボンド,0.30025499318046106,0.24442156666650847,0.055833426513952594,1.228430851153705,2,92.95008739561081,92.95008739561081,1
2026-0718-10-02-07-08,4,5,ダノンアトラス,ダノンハドソン,0.20918102437203565,0.1250037339366476,0.08417729043538805,1.673398208073124,4,96.42649058069527,96.42649058069527,1
2026-0718-10-02-07-12,2,3,ブラックレジェンド,スマートクラビ,0.1881937083372959,0.1173207990680097,0.0708729092692862,1.604095009855856,2,94.95047582054768,94.95047582054768,1
2026-0719-02-01-12-01,3,4,キチロクタワー,ショパンコンクール,0.2784762771008207,0.22634305631288418,0.0521332207879365,1.2303283415766482,3,92.36744999028937,92.36744999028937,1
2026-0719-02-01-12-01,4,5,ショパンコンクール,リアルジャパン,0.22634305631288418,0.1174654388745167,0.10887761743836748,1.9268906538090473,4,97.99961157506311,97.99961157506311,1
2026-0719-02-01-12-02,2,3,ジャーナーリア,トルークマクト,0.1842332243655621,0.06684214733536355,0.11739107703019856,2.756243354080451,2,98.38803651194407,98.38803651194407,1
2026-0719-02-01-12-04,1,2,ギオンバヤシ,フローレンスフーガ,0.30733835673278287,0.22422068220379696,0.08311767452898591,1.370695841757538,1,96.30996309963099,96.30996309963099,1
2026-0719-02-01-12-04,2,3,フローレンスフーガ,マコトアディントン,0.22422068220379696,0.11424108799774918,0.10997959420604778,1.962697363388334,2,98.09671780928335,98.09671780928335,1
2026-0719-02-01-12-06,1,2,マメーアップル,ソワンドヴィクター,0.22554154842275023,0.12882715960854613,0.0967143888142041,1.7507298081249343,1,97.28102544183336,97.28102544183336,1
2026-0719-02-01-12-07,7,8,ジーティーアリア,クッカユフラ,0.1100588446863444,0.06008951091421899,0.04996933377212541,1.831581635661161,7,91.92076131287628,91.92076131287628,1
2026-0719-02-01-12-08,6,7,イングラム,メイショウハッブル,0.1574413915875065,0.07201470755417493,0.08542668403333158,2.1862394076802594,6,96.58186055544766,96.58186055544766,1
2026-0719-02-01-12-09,1,2,モンローウォーク,アストリル,0.2634977409713411,0.2086453910540041,0.05485234991733701,1.2628974914818007,1,92.83355991454651,92.83355991454651,1
2026-0719-02-01-12-09,3,4,レーヴドロペラ,マドモアゼルアスク,0.1671112263573127,0.08752224022832934,0.07958898612898337,1.9093572778913155,3,96.13517187803457,96.13517187803457,1
2026-0719-02-01-12-10,1,2,シーズザスローン,ウインシャーガス,0.23709875246955794,0.18746501583886566,0.04963373663069229,1.2647626620283896,1,91.84307632550009,91.84307632550009,1
2026-0719-02-01-12-12,2,3,マグネシアブリック,ロードクラシコ,0.152508752473043,0.08308604225213119,0.0694227102209118,1.8355520173923205,2,94.7174208584191,94.7174208584191,1
2026-0719-03-02-08-01,1,2,ムーンベリル,トムキャット,0.25718647641778986,0.09645674474198969,0.16072973167580018,2.6663399962929817,1,99.47562633521072,99.47562633521072,1
2026-0719-03-02-08-02,1,2,クリスタルドレス,ピースフルマインド,0.27236509082555516,0.17507590989755417,0.09728918092800098,1.5556971315181503,1,97.35871042920957,97.35871042920957,1
2026-0719-03-02-08-03,1,2,ペプチドドリーム,シャルムグリーン,0.27191447028389604,0.17798346628894693,0.09393100399494911,1.527751290349953,1,97.14507671392504,97.14507671392504,1
2026-0719-03-02-08-03,7,8,ブラーヴジャン,チャチャット,0.10039426538015367,0.039215873757929794,0.061178391622223875,2.560041528077723,7,93.78520100990484,93.78520100990484,1
2026-0719-03-02-08-04,1,2,フェスティヴハート,デルマザオウ,0.23387938219678758,0.16040098166211417,0.07347840053467342,1.4580919628625229,1,95.39716449796077,95.39716449796077,1
2026-0719-03-02-08-04,2,3,デルマザオウ,ユニバーサルラヴ,0.16040098166211417,0.11393214816440989,0.04646883349770428,1.4078641037352109,2,91.16333268595844,91.16333268595844,1
2026-0719-03-02-08-04,3,4,ユニバーサルラヴ,ペタルズダンス,0.11393214816440989,0.06415277943602489,0.049779368728384996,1.7759503043516065,3,91.88191881918819,91.88191881918819,1
2026-0719-03-02-08-07,1,2,イントゥザウインド,キタノドンカルロ,0.26152333958045393,0.18799596040531658,0.07352737917513735,1.3911114846117618,1,95.41658574480482,95.41658574480482,1
2026-0719-03-02-08-07,2,3,キタノドンカルロ,チェイサー,0.18799596040531658,0.11474394575526982,0.07325201465004676,1.6383954653806432,2,95.35832200427268,95.35832200427268,1
2026-0719-03-02-08-09,1,2,ガラベイヤ,ヴァンヴィーヴ,0.22602869780602283,0.16357776992853196,0.062450927877490875,1.381781264683924,1,93.95999223150126,93.95999223150126,1
2026-0719-03-02-08-10,1,2,アロンズロッド,ルールーリマ,0.2770858835499243,0.17976982659188806,0.09731605695803625,1.5413369907674348,1,97.39755292289765,97.39755292289765,1
2026-0719-03-02-08-10,3,4,コスモイシュタル,クラヴァンス,0.1698882090308828,0.10581530717114677,0.06407290185973603,1.605516381066719,3,94.17362594678579,94.17362594678579,1
2026-0719-03-02-08-10,4,5,クラヴァンス,ヤマニンガラッシア,0.10581530717114677,0.05981691582042525,0.04599839135072153,1.7689863430741242,4,90.98854146436202,90.98854146436202,1
2026-0719-03-02-08-12,2,3,サムシングニュー,ヘルヴェティオス,0.17824883739018665,0.1259196654713442,0.052329171918842454,1.415575849276308,2,92.42571373082153,92.42571373082153,1
2026-0719-10-02-08-01,2,3,アウスヴァール,ニシノクードクール,0.1997388091824854,0.05714683442962642,0.14259197475285898,3.495185886953269,2,99.2619926199262,99.2619926199262,1
2026-0719-10-02-08-02,1,2,カルロット,ヒッグスボソン,0.28759553537487575,0.19753812326881104,0.09005741210606472,1.455898894936417,1,96.93144299864052,96.93144299864052,1
2026-0719-10-02-08-02,2,3,ヒッグスボソン,ナデシコザクラ,0.19753812326881104,0.13466112837207964,0.0628769948967314,1.4669275807863214,2,94.0182559720334,94.0182559720334,1
2026-0719-10-02-08-04,1,2,アラムシャピラス,ダンツウルス,0.35333513799117267,0.22535574850979534,0.12797938948137733,1.567899378328104,1,98.71819770829288,98.71819770829288,1
2026-0719-10-02-08-04,3,4,ブルーザー,ルクスディグニティ,0.18914001330023156,0.11011101826195649,0.07902899503827507,1.717721044503134,3,96.07690813750243,96.07690813750243,1
2026-0719-10-02-08-04,5,6,ホウオウモチーヴ,アクティブヘイロー,0.08285678056652117,0.02635355634197,0.05650322422455117,3.1440455129225033,5,93.04719362983104,93.04719362983104,1
2026-0719-10-02-08-06,2,3,フレアオブセンス,サトノライトニング,0.1881715143355843,0.05729938114747098,0.1308721331881133,3.284006049756256,2,98.8929889298893,98.8929889298893,1
2026-0719-10-02-08-07,3,4,ミライハーモニー,アーリントンロウ,0.17368396214569712,0.11653668739323199,0.05714727475246513,1.4903801200357787,3,93.26082734511556,93.26082734511556,1
2026-0719-10-02-08-08,4,5,ペルセポネ,ドラムメジャー,0.13716569413612234,0.08457668552613119,0.05258900860999115,1.6217908432193529,4,92.46455622450961,92.46455622450961,1
2026-0719-10-02-08-10,1,2,アレナパラシオ,ジューンエオス,0.13199990883511298,0.08775596714734764,0.04424394168776534,1.5041701792594577,1,90.52243154010488,90.52243154010488,1
2026-0719-10-02-08-11,1,2,ジョバンニ,ジーティーアダマン,0.17382283516088637,0.09499825423378225,0.07882458092710412,1.8297476786586397,1,96.05748689065838,96.05748689065838,1
2026-0719-10-02-08-12,2,3,ロングトールサリー,グラスベルグ,0.20275503709060072,0.11734333758734766,0.08541169950325306,1.7278785592720556,2,96.56243930860362,96.56243930860362,1
2026-0719-10-02-08-12,4,5,フレイムスター,ゼットエイト,0.10517829567261867,0.048315425901892965,0.05686286977072571,2.1769092108633954,4,93.16372111089531,93.16372111089531,1
2026-0725-01-01-01-01,1,2,カッサンドラ,カレンココナ,0.2547203200785016,0.0804455429672414,0.1742747771112602,3.166369579756922,1,99.70868129733928,99.70868129733928,1
2026-0725-01-01-01-02,5,6,ヴィヴィアンリーチ,コックニー,0.15329035482494757,0.10235377952554506,0.050936575299402514,1.4976521193014662,5,92.11497378131675,92.11497378131675,1
2026-0725-01-01-01-02,7,8,テイクケア,シガレス,0.09669616566447714,0.05115751839284127,0.04553864727163587,1.8901652914815414,7,90.8137502427656,90.8137502427656,1
2026-0725-01-01-01-03,3,4,ブルーフレア,メイショウシンガン,0.14020558963884383,0.06091519820247244,0.0792903914363714,2.3016520306282633,3,96.09632938434648,96.09632938434648,1
2026-0725-01-01-01-07,2,3,ジーティーエスピ,ニシノサリーナ,0.2638651567367582,0.19242566734163347,0.07143948939512473,1.3712575893957573,2,95.02816080792387,95.02816080792387,1
2026-0725-01-01-01-07,3,4,ニシノサリーナ,ハッピーラッキー,0.19242566734163347,0.10185250296787025,0.09057316437376321,1.8892581108422524,3,96.98970673917266,96.98970673917266,1
2026-0725-01-01-01-08,5,6,タイキルッジェーロ,リュミナーズ,0.09608117023971156,0.050483394130263544,0.04559777610944802,1.9032232656899208,5,90.85259273645369,90.85259273645369,1
2026-0725-01-01-01-09,5,6,ナムラヒナギク,ディヒターリーベ,0.16831716439884048,0.08125118405348902,0.08706598034535146,2.0715656806679204,5,96.6789667896679,96.6789667896679,1
2026-0725-01-01-01-10,4,5,バースライト,レイデラルース,0.14888620537487166,0.05105553145880056,0.09783067391607109,2.916162090977662,4,97.4558166634298,97.4558166634298,1
2026-0725-01-01-01-11,1,2,ロジケープ,アスクケンタッキー,0.2592395920494819,0.1715234783356778,0.08771611371380408,1.5113942100809103,1,96.75665177704408,96.75665177704408,1
2026-0725-01-01-01-12,1,2,セボンサデッセ,ベラジオワールド,0.2917023344828454,0.24887998350262122,0.04282235098022416,1.1720602451734459,1,90.09516410953583,90.09516410953583,1
2026-0725-01-01-01-12,2,3,ベラジオワールド,ハイクオリティ,0.24887998350262122,0.10766138243541297,0.14121860106720824,2.311692250951046,2,99.24257137308216,99.24257137308216,1
2026-0725-04-02-01-01,1,2,レゾルーティオ,ノシェリー,0.2141472388420643,0.12426128323802373,0.08988595560404057,1.7233625250100075,1,96.91202175179646,96.91202175179646,1
2026-0725-04-02-01-04,1,2,プリプリプリン,マナイアカラニ,0.2672765963790253,0.19727788047848482,0.06999871590054046,1.354822931647294,1,94.75626335210721,94.75626335210721,1
2026-0725-04-02-01-04,3,4,オレンジキャンパス,スノーランス,0.1846635385768561,0.10172265489295879,0.08294088368389732,1.815362947134783,3,96.27112060594291,96.27112060594291,1
2026-0725-04-02-01-05,1,2,キシダンチョウ,フィールドノート,0.2714004790264685,0.18440425629657523,0.0869962227298933,1.471769060416796,1,96.65954554282385,96.65954554282385,1
2026-0725-04-02-01-05,4,5,オルグジェシダ,カリーン,0.13783411509524604,0.09438750624144715,0.04344660885379889,1.4603004209334725,4,90.25053408428822,90.25053408428822,1
2026-0725-04-02-01-06,1,2,シャンソンドール,コルドンブルー,0.272613285020476,0.15722307542384212,0.11539020959663387,1.7339266789277898,1,98.31035152456788,98.31035152456788,1
2026-0725-04-02-01-07,1,2,コートアリシアン,ボンヌソワレ,0.2079232876376967,0.09676431911788645,0.11115896851981026,2.148759889318159,1,98.1549815498155,98.1549815498155,1
2026-0725-04-02-01-09,1,2,スコラーリ,パープルアドミラル,0.2180569918351211,0.1411063795818117,0.0769506122533094,1.545337584887113,1,95.76616818799766,95.76616818799766,1
2026-0725-04-02-01-10,3,4,バーヴァンシー,シェリーシュシュ,0.0830136995330224,0.03958501739103522,0.04342868214198718,2.0970989784590177,3,90.23111283744416,90.23111283744416,1
2026-0725-04-02-01-11,3,4,ノーブルラホーヤ,リオハリソンメリー,0.12086114156483946,0.042084563768812276,0.07877657779602718,2.871863950610945,3,96.03806564381433,96.03806564381433,1
2026-0725-04-02-01-12,1,2,タイセイフレッサ,クリールスル,0.21628111846693704,0.1725821795719256,0.04369893889501145,1.253206553558442,1,90.34764031850845,90.34764031850845,1
2026-0725-07-02-01-01,1,2,エルダークローネ,エコロメジャー,0.2733211205911667,0.17929793260554566,0.09402318798562104,1.5243963866135115,1,97.16449796076908,97.16449796076908,1
2026-0725-07-02-01-01,2,3,エコロメジャー,レッドネビュラ,0.17929793260554566,0.11906806400495615,0.060229868600589515,1.5058440237852735,2,93.62983103515245,93.62983103515245,1
2026-0725-07-02-01-03,1,2,コスモフィレンツェ,プレスバーン,0.3491886623674453,0.2962817193395501,0.05290694302789517,1.1785697178544512,1,92.5422412118858,92.5422412118858,1
2026-0725-07-02-01-03,2,3,プレスバーン,レッドブライトン,0.2962817193395501,0.15733047236331765,0.13895124697623246,1.8831807652325436,2,99.14546513886191,99.14546513886191,1
2026-0725-07-02-01-03,3,4,レッドブライトン,スマートエラン,0.15733047236331765,0.06060168198623889,0.09672879037707877,2.5961403579366564,3,97.30044668867741,97.30044668867741,1
2026-0725-07-02-01-04,4,5,ベルアズーロ,ジャスティンレビン,0.13102926701869425,0.058157533992277126,0.07287173302641711,2.253005896640905,4,95.28063701689649,95.28063701689649,1
2026-0725-07-02-01-05,1,2,セルヴァジオ,セコンドトゥベスト,0.27601347862734854,0.15457316532611418,0.12144031330123436,1.785649391632907,1,98.50456399300836,98.50456399300836,1
2026-0725-07-02-01-06,1,2,ゼロヴィジビリティ,エブリーポッシブル,0.224045823267131,0.18140718787354396,0.04263863539358703,1.2350438033541964,1,90.03690036900369,90.03690036900369,1
2026-0725-07-02-01-07,1,2,ミュージシャン,ハーツコンチェルト,0.29881580463158813,0.1235411779656635,0.17527462666592464,2.4187546982483825,1,99.72810254418334,99.72810254418334,1
2026-0725-07-02-01-08,1,2,ブラックシャリマー,スノースケープ,0.3600190460041924,0.26536251786764475,0.09465652813654762,1.3567064742118538,1,97.18391920761313,97.18391920761313,1
2026-0725-07-02-01-08,3,4,ロードフィレール,サンダーバード,0.24641422533264515,0.1592001957130734,0.08721402961957175,1.547826145746439,3,96.69838803651194,96.69838803651194,1
2026-0725-07-02-01-08,7,8,サラコスティ,アンビアンス,0.12611809727849088,0.030999659353050775,0.09511843792544011,4.068370424402073,7,97.24218294814527,97.24218294814527,1
2026-0725-07-02-01-09,1,2,ワイズギャング,イーブンベター,0.16677977414898343,0.10735786743607134,0.05942190671291209,1.5534937320573754,1,93.53272480093221,93.53272480093221,1
2026-0725-07-02-01-10,6,7,ミランド,インシオン,0.10819700172343974,0.06113050146503782,0.04706650025840192,1.76993479736659,6,91.29928141386678,91.29928141386678,1
2026-0725-07-02-01-11,1,2,ケールハイム,ルージュスプリヤ,0.2786935750599528,0.18984981621267744,0.08884375884727536,1.467968632362272,1,96.83433676442029,96.83433676442029,1
2026-0725-07-02-01-11,2,3,ルージュスプリヤ,ニシノトリビュート,0.18984981621267744,0.08844088886302653,0.1014089273496509,2.1466294454221138,2,97.68887162555836,97.68887162555836,1
2026-0725-07-02-01-12,1,2,ビッグヒーロー,ララディアーブル,0.2530994780993149,0.20929927449206012,0.043800203607254756,1.209270690085055,1,90.38648281219655,90.38648281219655,1
2026-0725-07-02-01-12,3,4,ミッキーラヴィータ,ムーンライトダイヤ,0.207779561266295,0.16285502677257221,0.04492453449372277,1.2758559891212944,3,90.6972227617013,90.6972227617013,1
2026-0725-07-02-01-12,7,8,オレンジフィールド,オースミサイファー,0.11375518052971559,0.05810384234520485,0.05565133818451074,1.9577910158484295,7,92.89182365507865,92.89182365507865,1
2026-0726-01-01-02-01,1,2,クラウスーラ,リアルクウカイ,0.2848420474080505,0.23659919651380634,0.04824285089424418,1.2039011611412174,1,91.57117886968344,91.57117886968344,1
2026-0726-01-01-02-01,3,4,ワイドウィンザー,タイガーストリート,0.21246065345537754,0.07679138672632986,0.13566926672904767,2.766725052284152,3,99.04835890464167,99.04835890464167,1
2026-0726-01-01-02-02,1,2,プルーフリーディン,ルパピヨンブラン,0.23726201921441,0.16886713625150254,0.06839488296290747,1.4050218679675093,1,94.60089337735482,94.60089337735482,1
2026-0726-01-01-02-02,3,4,ビレッジルイーザ,ルージュボニート,0.15001248896412558,0.06965301467648671,0.08035947428763887,2.1537113599587876,3,96.17401437172266,96.17401437172266,1
2026-0726-01-01-02-03,1,2,ハルヒメ,アンジュラフィーユ,0.19641449918537462,0.09936107028236643,0.0970534289030082,1.976775196032004,1,97.3392891823655,97.3392891823655,1
2026-0726-01-01-02-07,1,2,ビタミンドロップ,ナムラモモ,0.18609547780516378,0.1132209612017617,0.07287451660340208,1.6436486303409705,1,95.30005826374052,95.30005826374052,1
2026-0726-01-01-02-07,4,5,ロードヴァルカン,キープライジング,0.10614666390728614,0.03917231948422354,0.0669743444230626,2.70973650028654,4,94.4649446494465,94.4649446494465,1
2026-0726-01-01-02-08,2,3,ナハトナナレオン,コスモレッド,0.12943271546750967,0.08508273666050971,0.044349978806999965,1.5212570792587652,2,90.56127403379297,90.56127403379297,1
2026-0726-01-01-02-09,7,8,ナムラハリス,マインセーラ,0.059219072643310465,0.01631474248963837,0.04290433015367209,3.629788988757928,7,90.13400660322392,90.13400660322392,1
2026-0726-01-01-02-10,4,5,アルデトップガン,ジャズ,0.14782791921075825,0.09943584225268216,0.04839207695807608,1.4866663354155958,4,91.59060011652748,91.59060011652748,1
2026-0726-01-01-02-10,5,6,ジャズ,シャイニースイフト,0.09943584225268216,0.05451739450211017,0.044918447750571994,1.8239287324861675,5,90.67780151485726,90.67780151485726,1
2026-0726-01-01-02-11,1,2,レクスノヴァス,ミラージュナイト,0.3279033034222321,0.27379060263208393,0.05411270079014818,1.1976426519754007,1,92.69761118663818,92.69761118663818,1
2026-0726-01-01-02-11,2,3,ミラージュナイト,コーチェラバレー,0.27379060263208393,0.17168015482073784,0.1021104478113461,1.5947714103471429,2,97.7471353660905,97.7471353660905,1
2026-0726-04-02-02-01,1,2,リリカルフレア,ブラックミューズ,0.332420074342275,0.2594925800110198,0.07292749433125517,1.281038842529363,1,95.31947951058459,95.31947951058459,1
2026-0726-04-02-02-01,2,3,ブラックミューズ,ドルチェテソーロ,0.2594925800110198,0.1902559753800467,0.06923660463097311,1.3639129046678782,2,94.69799961157507,94.69799961157507,1
2026-0726-04-02-02-01,4,5,ワレモコウ,タガノカハンカ,0.18665894884969444,0.11408665276602489,0.07257229608366955,1.6361155693865852,4,95.20295202952029,95.20295202952029,1
2026-0726-04-02-02-03,1,2,ミスタートントン,ミエスタ,0.3341638457246542,0.27810474219053605,0.05605910353411814,1.2015755038643345,1,92.96950864245484,92.96950864245484,1
2026-0726-04-02-02-03,2,3,ミエスタ,スピニンググローブ,0.27810474219053605,0.2090263750442482,0.06907836714628784,1.3304767981153807,2,94.63973587104292,94.63973587104292,1
2026-0726-04-02-02-03,3,4,スピニンググローブ,ハンナパール,0.2090263750442482,0.1662449389848271,0.04278143605942111,1.2573397802102457,3,90.07574286269178,90.07574286269178,1
2026-0726-04-02-02-03,6,7,フェルアフリーゼ,スカット,0.1302950232105781,0.08728013478308146,0.043014888427496636,1.4928370990077198,6,90.17284909691202,90.17284909691202,1
2026-0726-04-02-02-04,1,2,ココナッツコースト,ルモンテ,0.21553405650874127,0.1546830836258282,0.06085097288291308,1.3933912581553456,1,93.72693726937268,93.72693726937268,1
2026-0726-04-02-02-04,2,3,ルモンテ,アースヴィンチ,0.1546830836258282,0.07892148688661056,0.07576159673921763,1.9599615988997665,2,95.68848320062148,95.68848320062148,1
2026-0726-04-02-02-08,3,4,コンアフェット,パイシャオピン,0.1367266147189223,0.0932211220201679,0.04350549269875441,1.4666913651751823,3,90.26995533113225,90.26995533113225,1
2026-0726-04-02-02-09,2,3,ノーブルクライ,オーサムストローク,0.3094754824999236,0.15508986215965842,0.1543856203402652,1.9954591369829948,2,99.41736259467858,99.41736259467858,1
2026-0726-04-02-02-09,4,5,バラジ,ノブダブルホワイト,0.14656411264095717,0.10219410055526458,0.04437001208569259,1.4341739087149963,4,90.58069528063702,90.58069528063702,1
2026-0726-04-02-02-12,1,2,ファランギーナ,ミナヅキ,0.22712354261187975,0.14285263380895796,0.08427090880292179,1.5899149813059825,1,96.44591182753933,96.44591182753933,1
2026-0726-04-02-02-12,2,3,ミナヅキ,ハナコトバ,0.14285263380895796,0.0989153960459746,0.04393723776298336,1.4441900808096841,2,90.42532530588464,90.42532530588464,1
2026-0726-07-02-02-01,1,2,メアグローリア,ルースソラール,0.29422110058213846,0.23998553428055963,0.05423556630157883,1.2259951478499271,1,92.71703243348223,92.71703243348223,1
2026-0726-07-02-02-01,2,3,ルースソラール,ヴェルヴィエ,0.23998553428055963,0.1359894356952771,0.10399609858528253,1.7647365992334527,2,97.88308409399885,97.88308409399885,1
2026-0726-07-02-02-01,7,8,コパノキャンペーン,ディーエスシン,0.10307765365356866,0.0251365087214363,0.07794114493213236,4.100714812700481,7,95.90211691590599,95.90211691590599,1
2026-0726-07-02-02-03,1,2,ダノンミッドナイト,ナムラヴンダー,0.26468186158725715,0.1540655158811193,0.11061634570613785,1.717982509411724,1,98.11613905612741,98.11613905612741,1
2026-0726-07-02-02-03,4,5,ダノンオブアイデア,ヴィスメンティス,0.12143921903810487,0.06202185591086879,0.05941736312723608,1.9580068550774163,4,93.51330355408817,93.51330355408817,1
2026-0726-07-02-02-04,1,2,アイランド,タイセイゼスティ,0.2964644122553816,0.12346334882926743,0.17300106342611418,2.401234172461582,1,99.68926005049525,99.68926005049525,1
2026-0726-07-02-02-05,1,2,セッシュウ,ジョーカー,0.34193393144589995,0.240522317743164,0.10141161370273596,1.4216307852605425,1,97.70829287240241,97.70829287240241,1
2026-0726-07-02-02-05,3,4,ペプチドレオン,ペプチドアロン,0.23975243834063398,0.07869587212454311,0.16105656621609088,3.04656943074733,3,99.49504758205477,99.49504758205477,1
2026-0726-07-02-02-06,1,2,サヴォアフェール,マディソンガール,0.40766199609027187,0.23877070934310957,0.1688912867471623,1.7073367047901522,1,99.65041755680714,99.65041755680714,1
2026-0726-07-02-02-06,4,5,エアビッグマム,レッドラージャ,0.1926331031197316,0.14908612875490748,0.04354697436482413,1.2920927300782883,4,90.30879782482035,90.30879782482035,1
2026-0726-07-02-02-06,5,6,レッドラージャ,コリカンチャ,0.14908612875490748,0.07216075087057494,0.07692537788433254,2.0660279578063605,5,95.74674694115363,95.74674694115363,1
2026-0726-07-02-02-09,6,7,ペアレンツギフト,テルヴィセクス,0.13843954680706083,0.060397298625170924,0.0780422481818899,2.2921479926813375,6,95.92153816275005,95.92153816275005,1
2026-0726-07-02-02-10,2,3,ラブインアクション,アーガイルショア,0.18123467296855958,0.12636511334499412,0.05486955962356546,1.4342144613423804,2,92.85298116139056,92.85298116139056,1
2026-0726-07-02-02-10,5,6,ザングウィル,ハードシングス,0.10053122517045648,0.05614674095575081,0.04438448421470567,1.7905086467918956,5,90.60011652748106,90.60011652748106,1
2026-0726-07-02-02-11,1,2,ペイシャシス,バースデイフライト,0.3136437255793951,0.1733964873868589,0.14024723819253623,1.8088239866107292,1,99.2231501262381,99.2231501262381,1
2026-0726-07-02-02-12,1,2,チュウワメロディー,コースタルロード,0.32026658722745466,0.2751968440626026,0.04506974316485207,1.1637727471707469,1,90.71664400854534,90.71664400854534,1
2026-0726-07-02-02-12,2,3,コースタルロード,ベルセクレト,0.2751968440626026,0.0608233487727645,0.2143734952898381,4.524526347451463,2,99.92231501262381,99.92231501262381,1
2026-0801-01-01-03-01,4,5,サンライズロイ,ペイシャクロス,0.1755331355463451,0.11260224732776587,0.06293088821857921,1.5588777285714215,4,94.03767721887745,94.03767721887745,1
2026-0801-01-01-03-03,3,4,バンダムソレール,アルジェンタム,0.14013932033521403,0.08940130454278909,0.05073801579242494,1.5675310450099842,3,92.09555253447272,92.09555253447272,1
2026-0801-01-01-03-03,4,5,アルジェンタム,コーリンクレア,0.08940130454278909,0.03940444112130486,0.04999686342148423,2.268812905316207,4,91.94018255972033,91.94018255972033,1
2026-0801-01-01-03-04,1,2,アイドクレース,ブルースカイブルー,0.2671364857182275,0.1587056464440604,0.1084308392741671,1.6832197952855203,1,97.98019032821908,97.98019032821908,1
2026-0801-01-01-03-04,2,3,ブルースカイブルー,マイネルマスター,0.1587056464440604,0.08728571480512078,0.07141993163893963,1.8182316178357016,2,95.00873956107982,95.00873956107982,1
2026-0801-01-01-03-06,1,2,ウーマンズパワー,グッバイウェーブ,0.14541851286399302,0.09109979873354045,0.05431871413045257,1.5962550399186985,1,92.75587492717032,92.75587492717032,1
2026-0801-01-01-03-08,1,2,エスシービクトリア,エタンセル,0.377327589111582,0.20961029965393968,0.1677172894576423,1.8001385892512844,1,99.63099630996311,99.63099630996311,1
2026-0801-01-01-03-08,3,4,メイショウコシュウ,デルマホダカ,0.18083402127220047,0.07495053552741135,0.10588348574478912,2.4127115303407645,3,97.92192658768693,97.92192658768693,1
2026-0801-01-01-03-09,1,2,ジョイエッロ,テルヒコウ,0.3780939229155571,0.2580527202475391,0.12004120266801799,1.4651809233123663,1,98.4463002524762,98.4463002524762,1
2026-0801-01-01-03-09,2,3,テルヒコウ,サタデーサンライズ,0.2580527202475391,0.16544975505832624,0.09260296518921288,1.5597044562354743,2,97.0868129733929,97.0868129733929,1
2026-0801-01-01-03-10,1,2,イヌボウノウタゴエ,ハヤブササキチャン,0.3768661322250372,0.23811350903948467,0.1387526231855525,1.582716300915729,1,99.12604389201786,99.12604389201786,1
2026-0801-01-01-03-10,4,5,ダノンプレサージュ,スピナーリート,0.18225213134157994,0.11676468220551132,0.06548744913606862,1.5608498040598238,4,94.29015342785007,94.29015342785007,1
2026-0801-01-01-03-12,1,2,エアニゲラ,ユージュアーナ,0.19447591569876424,0.151225593526416,0.04325032217234823,1.2859986935002063,1,90.19227034375606,90.19227034375606,1
2026-0801-01-01-03-12,2,3,ユージュアーナ,キャットテイル,0.151225593526416,0.09542083123960976,0.05580476228680625,1.5848278783767433,2,92.93066614876675,92.93066614876675,1
2026-0801-04-02-03-01,2,3,エストレアボニータ,スペシャルサンクス,0.23919854066733348,0.12486686983341841,0.11433167083391507,1.9156285489212785,2,98.25208778403574,98.25208778403574,1
2026-0801-04-02-03-01,3,4,スペシャルサンクス,コスモルトチェコ,0.12486686983341841,0.06879655061949179,0.05607031921392662,1.8150164319145456,3,92.98892988929889,92.98892988929889,1
2026-0801-04-02-03-04,1,2,ユニバーサルラヴ,メジロピオラ,0.20229582956945266,0.15027654030165666,0.052019289267796004,1.3461570858856307,1,92.32860749660128,92.32860749660128,1
2026-0801-04-02-03-04,3,4,タマモチョコチップ,イデアクリスタル,0.1463657687963369,0.07351734771242872,0.07284842108390817,1.990901104986307,3,95.26121577005243,95.26121577005243,1
2026-0801-04-02-03-05,1,2,サクラドール,レイズレガシー,0.32679568523961144,0.24319784288572546,0.08359784235388598,1.3437441770121588,1,96.36822684016315,96.36822684016315,1
2026-0801-04-02-03-05,2,3,レイズレガシー,イイクニパッション,0.24319784288572546,0.19541576037961814,0.047782082506107326,1.2445149890330494,2,91.49349388230725,91.49349388230725,1
2026-0801-04-02-03-05,6,7,シェリアドレ,ロンバスブレス,0.14714348962339702,0.08882886632337722,0.0583146233000198,1.6564828046744198,6,93.39677607302389,93.39677607302389,1
2026-0801-04-02-03-06,1,2,コンフォルツァ,リカントロポ,0.2603860047516274,0.10081919802758767,0.15956680672403972,2.582702598768705,1,99.45620508836667,99.45620508836667,1
2026-0801-04-02-03-07,2,3,レイバックスピン,ペンナヴェローチェ,0.13397285152471938,0.07692588396306398,0.05704696756165541,1.7415835167919105,2,93.22198485142746,93.22198485142746,1
2026-0801-04-02-03-08,1,2,リアライズルミナス,ウィロークリーク,0.4025561848963092,0.17653768764548666,0.22601849725082251,2.280284681788177,1,99.94173625946786,99.94173625946786,1
2026-0801-04-02-03-09,1,2,エアサロメ,フィールマイプラン,0.20451320357711264,0.11349872898997876,0.09101447458713388,1.8018986238618575,1,97.00912798601671,97.00912798601671,1
2026-0801-04-02-03-10,1,2,ゴールドプレイヤー,ロードプレリュード,0.2895931576907549,0.07974559839210459,0.2098475592986503,3.6314625951747423,1,99.90289376577977,99.90289376577977,1
2026-0801-04-02-03-11,2,3,ジワタネホ,ブライトエアリー,0.2334588034765053,0.16075802471817918,0.07270077875832612,1.4522373230560404,2,95.22237327636435,95.22237327636435,1
2026-0801-04-02-03-11,3,4,ブライトエアリー,ブライスフェアリー,0.16075802471817918,0.11404212390721082,0.04671590081096837,1.409637239385144,3,91.26043892017867,91.26043892017867,1
2026-0801-07-02-03-01,3,4,サイモンレガシー,シャインラブ,0.22815261383819885,0.1290455402972571,0.09910707354094175,1.768000764014379,3,97.4946591571179,97.4946591571179,1
2026-0801-07-02-03-01,7,8,フェーエンハフト,メモリアデルレ,0.11339991343776827,0.05124719252254586,0.06215272091522241,2.2128024552345718,7,93.94057098465721,93.94057098465721,1
2026-0801-07-02-03-03,1,2,チェファルー,ソルアモール,0.28453226834545303,0.13114073449566055,0.15339153384979248,2.1696711509181625,1,99.39794134783453,99.39794134783453,1
2026-0801-07-02-03-04,1,2,ウンナターシャ,クラテロス,0.215930461472223,0.1456573980608239,0.0702730634113991,1.4824544743141324,1,94.8339483394834,94.8339483394834,1
2026-0801-07-02-03-05,4,5,リリーサンダー,サトノグロリア,0.15257832387437728,0.08646912458798124,0.06610919928639604,1.7645410960432562,4,94.40668090891435,94.40668090891435,1
2026-0801-07-02-03-06,1,2,スナッピードレッサ,ニューオーリンズ,0.22883000642995488,0.17621352165995116,0.05261648477000372,1.298595046931419,1,92.48397747135367,92.48397747135367,1
2026-0801-07-02-03-07,3,4,ノクナレア,ケーブパール,0.12357256163238539,0.0712440137045878,0.05232854792779759,1.7344974715318133,3,92.40629248397747,92.40629248397747,1
2026-0801-07-02-03-08,1,2,ビービークローサー,ボクマダネムイヨ,0.37506508552681056,0.1478247421327175,0.22724034339409305,2.537228072348511,1,99.9611575063119,99.9611575063119,1
2026-0801-07-02-03-08,2,3,ボクマダネムイヨ,メイショウクーガー,0.1478247421327175,0.06378005627582439,0.08404468585689312,2.317726743504771,2,96.40706933385124,96.40706933385124,1
2026-0801-07-02-03-09,3,4,マルディランダ,サマーアゲイン,0.18835583193639208,0.12000339290174981,0.06835243903464226,1.5695875540002802,3,94.58147213051078,94.58147213051078,1
2026-0801-07-02-03-09,4,5,サマーアゲイン,リッケンバッカー,0.12000339290174981,0.07095025626064172,0.049053136641108094,1.691373635930324,4,91.68770635074772,91.68770635074772,1
2026-0801-07-02-03-09,5,6,リッケンバッカー,モナコブル,0.07095025626064172,0.027352814207669326,0.04359744205297239,2.593892376922164,5,90.3282190716644,90.3282190716644,1
2026-0801-07-02-03-10,1,2,プルメリアリノ,ハウリングウィンド,0.271728548903867,0.13613727458914646,0.13559127431472054,1.9959893403472804,1,99.02893765779763,99.02893765779763,1
2026-0801-07-02-03-10,2,3,ハウリングウィンド,エコログロウ,0.13613727458914646,0.09358875634116576,0.0425485182479807,1.4546327989750774,2,90.01747912215964,90.01747912215964,1
2026-0801-07-02-03-11,5,6,ヴィスコンテッサ,マーゴットレジーナ,0.23075827954549832,0.1020991759761358,0.12865910356936253,2.2601385108086935,5,98.81530394251311,98.81530394251311,1
2026-0801-07-02-03-11,7,8,シェーラ,シルバーリム,0.10104812160564872,0.053929349805858146,0.04711877179979057,1.873712959073581,7,91.3575451543989,91.3575451543989,1
2026-0801-07-02-03-12,2,3,ララファキュルテ,パスコード,0.25388160412132355,0.1990480890389088,0.05483351508241474,1.2754787315325404,2,92.81413866770247,92.81413866770247,1
2026-0802-01-01-04-01,3,4,フレンチブラッサム,ザンシュトーム,0.1378505050689734,0.08509926931765806,0.05275123575131534,1.6198788329710074,3,92.5033987181977,92.5033987181977,1
2026-0802-01-01-04-02,2,3,ペカリーナ,ブルーエ,0.22922460568822192,0.16098144530467673,0.06824316038354519,1.4239194166407614,2,94.56205088366673,94.56205088366673,1
2026-0802-01-01-04-03,1,2,ワンダーブリッツ,ゴンフィンガー,0.35095067862505863,0.23556292470706736,0.11538775391799128,1.4898383481249475,1,98.29093027772383,98.29093027772383,1
2026-0802-01-01-04-03,2,3,ゴンフィンガー,ハイランダー,0.23556292470706736,0.08827489833850408,0.14728802636856328,2.6685153893212545,2,99.33967760730239,99.33967760730239,1
2026-0802-01-01-04-04,1,2,ワンダフルデイズ,クオンタムスター,0.25045371708306674,0.18343446726115784,0.0670192498219089,1.3653579985406603,1,94.50378714313459,94.50378714313459,1
2026-0802-01-01-04-04,2,3,クオンタムスター,タケルフォーカス,0.18343446726115784,0.10565097847975757,0.07778348878140026,1.7362306521023216,2,95.88269566906196,95.88269566906196,1
2026-0802-01-01-04-07,1,2,アールグレイ,メイショウローゼ,0.1361440136175602,0.08470806673220328,0.05143594688535692,1.6072142697810223,1,92.23150126238104,92.23150126238104,1
2026-0802-01-01-04-08,1,2,ジーティーエスピ,ダブルチャレンジ,0.23492522385266823,0.15667164424567007,0.07825357960699816,1.4994750644493913,1,95.96038065643813,95.96038065643813,1
2026-0802-01-01-04-09,2,3,デアプリームス,パールフロント,0.2301611242556691,0.1442773615691752,0.08588376268649389,1.5952684589766086,2,96.60128180229171,96.60128180229171,1
2026-0802-01-01-04-10,1,2,ヘニーガイスト,チャーリー,0.3561459016489812,0.23929708740579875,0.11684881424318244,1.488300194164214,1,98.36861526510002,98.36861526510002,1
2026-0802-01-01-04-10,4,5,シーズザスローン,スマートカイロス,0.22070388048058615,0.08523320232700483,0.13547067815358133,2.5894120419626603,4,99.00951641095358,99.00951641095358,1
2026-0802-01-01-04-12,1,2,デンプシー,ミキノバカラ,0.2064365279625381,0.10966207449876263,0.09677445346377549,1.8824787777005572,1,97.31986793552146,97.31986793552146,1
2026-0802-04-02-04-01,3,4,デザートスピリット,ヴェントリナ,0.24127288386744056,0.11625189863423264,0.12502098523320793,2.0754317710247965,3,98.64051272091669,98.64051272091669,1
2026-0802-04-02-04-04,1,2,ウォーレーションズ,ツインドライヴ,0.1533270867120418,0.10089839213715311,0.052428694574888676,1.5196187319181593,1,92.44513497766556,92.44513497766556,1
2026-0802-04-02-04-05,1,2,レッドレガリア,セーヌデローヴ,0.2510814549459049,0.08568786729933822,0.16539358764656667,2.930186768084541,1,99.59215381627502,99.59215381627502,1
2026-0802-04-02-04-07,1,2,ピューロマジック,アメリカンステージ,0.16542921424009552,0.09511853370853626,0.07031068053155926,1.73919012194833,1,94.85336958632745,94.85336958632745,1
2026-0802-04-02-04-08,1,2,ガーヴィ,キアラメンテ,0.24989775763853742,0.18510381424709865,0.06479394339143876,1.3500411034477338,1,94.23188968731793,94.23188968731793,1
2026-0802-04-02-04-09,1,2,エコロガノン,メディチパワー,0.19671383751185703,0.13969307256880537,0.057020764943051666,1.4081860602999212,1,93.20256360458342,93.20256360458342,1
2026-0802-04-02-04-09,5,6,サトノフェンサー,イーグルロック,0.10214691933511141,0.05074068531003558,0.05140623402507583,2.0131166678371333,5,92.19265876869295,92.19265876869295,1
2026-0802-04-02-04-10,1,2,チームユートピア,トモジャオーリー,0.38463664170483075,0.2627356946843511,0.12190094702047966,1.463967970423397,1,98.54340648669645,98.54340648669645,1
2026-0802-04-02-04-10,2,3,トモジャオーリー,レゲンデ,0.2627356946843511,0.09845849490590063,0.16427719977845046,2.668491885189333,2,99.55331132258691,99.55331132258691,1
2026-0802-04-02-04-11,1,2,ヤマメホープ,クイーンズレイン,0.2819758357804508,0.15667576709542397,0.12530006868502686,1.7997412172152467,1,98.65993396776072,98.65993396776072,1
2026-0802-04-02-04-11,2,3,クイーンズレイン,マイネルオラクル,0.15667576709542397,0.09103119278298993,0.06564457431243403,1.7211217639312353,2,94.36783841522626,94.36783841522626,1
2026-0802-04-02-04-11,7,8,ブラーヴジャン,フォンドルレール,0.0823030475346909,0.035630442497963995,0.04667260503672691,2.309908094444628,7,91.24101767333462,91.24101767333462,1
2026-0802-04-02-04-12,1,2,シャインアルプス,ウインテラジーナ,0.29331805103138514,0.15378625104288698,0.13953179998849816,1.9073099775973235,1,99.20372887939406,99.20372887939406,1
2026-0802-04-02-04-12,2,3,ウインテラジーナ,ノーブルクロンヌ,0.15378625104288698,0.08356803762849202,0.07021821341439496,1.8402520318420699,2,94.81452709263934,94.81452709263934,1
2026-0802-07-02-04-01,1,2,ビクスバイト,ゴールデンテティス,0.2848282083365824,0.18442933774080905,0.10039887059577335,1.544375812577447,1,97.55292289765003,97.55292289765003,1
2026-0802-07-02-04-01,3,4,タイセイアビオン,ワンダーデリエール,0.17222300313601016,0.10161193147263624,0.07061107166337392,1.6949092556358822,3,94.93105457370363,94.93105457370363,1
2026-0802-07-02-04-04,1,2,クロカミジョウ,ナムラロダン,0.2949739665322798,0.16138265533124885,0.13359131120103096,1.8277922489676832,1,98.93183142357739,98.93183142357739,1
2026-0802-07-02-04-06,1,2,アイニードユー,トミーバローズ,0.39815066998026016,0.2724097504627487,0.12574091951751148,1.4615874406254274,1,98.67935521460478,98.67935521460478,1
2026-0802-07-02-04-06,3,4,トライアンフパス,ロンドボス,0.26326235599244785,0.1907322133403121,0.07253014265213575,1.3802721175511372,3,95.18353078267626,95.18353078267626,1
2026-0802-07-02-04-06,4,5,ロンドボス,キャッスルレイク,0.1907322133403121,0.10571127807478081,0.08502093526553128,1.8042749724905127,4,96.5235968149155,96.5235968149155,1
2026-0802-07-02-04-06,8,9,スターウェーブ,カウンティフェア,0.07779111831636876,0.02854100987537956,0.0492501084409892,2.7255909533696636,8,91.78481258496795,91.78481258496795,1
2026-0802-07-02-04-09,1,2,ゴールデンステップ,セイフウサツキ,0.2605708208004909,0.1628548905647101,0.09771593023578079,1.6000183961129097,1,97.43639541658574,97.43639541658574,1
2026-0802-07-02-04-09,3,4,ボールドハーテッド,オンクラウドナイン,0.16018790947530898,0.07004831533549624,0.09013959413981273,2.2868202997900715,3,96.95086424548455,96.95086424548455,1
2026-0802-07-02-04-11,3,4,メイショウナルカミ,メイショウアゴナス,0.10937948553840995,0.059537006424558545,0.04984247911385141,1.8371680423168166,3,91.90134006603225,91.90134006603225,1
2026-0802-07-02-04-12,3,4,ミッキーラヴィータ,アルジェンテーラ,0.14198184657992374,0.06919114466692729,0.07279070191299646,2.0520233804975585,3,95.24179452320838,95.24179452320838,1
2026-0808-01-01-05-01,2,3,ジーティービキニ,ジェイストリーク,0.17710289595992362,0.1342536855824877,0.042849210377435915,1.3191659893099072,2,90.11458535637988,90.11458535637988,1
2026-0808-01-01-05-02,1,2,チカバリエンテ,ショパンコンクール,0.2642115337785921,0.16176388979546008,0.102447643983132,1.6333159032752635,1,97.76655661293455,97.76655661293455,1
2026-0808-01-01-05-02,4,5,ライフイズアート,トルネードサンダー,0.13632954636377384,0.08931596003791561,0.047013586325858225,1.5263738564294718,4,91.27986016702272,91.27986016702272,1
2026-0808-01-01-05-04,3,4,グロリアスマーチ,ダノンフィオーレ,0.20249178365088052,0.15538926215183843,0.047102521499042094,1.3031259743869297,3,91.31870266071081,91.31870266071081,1
2026-0808-01-01-05-07,2,3,グレイトソン,ランドスター,0.23256971924209294,0.15690101597838665,0.07566870326370628,1.482270320506591,2,95.64964070693338,95.64964070693338,1
2026-0808-01-01-05-07,5,6,ロードヴァルカン,ランプローグ,0.1314581018845468,0.08731491781294409,0.0441431840716027,1.5055629115539138,5,90.44474655272869,90.44474655272869,1
2026-0808-01-01-05-09,1,2,ビーチイン,デルマサクラサク,0.21984374376043778,0.16415115058044716,0.05569259317999062,1.339276288853649,1,92.91124490192271,92.91124490192271,1
2026-0808-01-01-05-11,2,3,テーオーパスワード,ウェイワードアクト,0.19145761939607123,0.14696550476655332,0.04449211462951791,1.3027384875123669,2,90.61953777432511,90.61953777432511,1
2026-0808-01-01-05-12,1,2,ジーネキング,ブラックジェダイト,0.2743615431415554,0.21137937653089361,0.0629821666106618,1.2979579542919921,1,94.0570984657215,94.0570984657215,1
2026-0808-01-01-05-12,5,6,マーゴットブロー,レッドスティンガー,0.17299336352416347,0.11651747070287008,0.056475892821293394,1.4846989252393914,5,93.02777238298698,93.02777238298698,1
2026-0808-04-02-05-01,3,4,セイウンイーリス,ウインリスノアール,0.15736681258548965,0.08157797537390886,0.07578883721158079,1.9290355253879026,3,95.70790444746552,95.70790444746552,1
2026-0808-04-02-05-04,1,2,スティールヴォーグ,トラスティア,0.25865282817704205,0.13554010120393267,0.12311272697310938,1.9083121960184672,1,98.6016702272286,98.6016702272286,1
2026-0808-04-02-05-04,3,4,スノーランス,サリーアン,0.13287732308721953,0.05834661727302237,0.07453070581419716,2.277378351952167,3,95.55253447271315,95.55253447271315,1
2026-0808-04-02-05-05,1,2,アラビアンドリーム,キタノドンカルロ,0.2975811372059922,0.13619959192834186,0.16138154527765036,2.184890079278339,1,99.51446882889881,99.51446882889881,1
2026-0808-04-02-05-06,1,2,ラベルセーヌ,クライスレリアーナ,0.32919194975414295,0.24590672398816024,0.08328522576598271,1.3386862482458701,1,96.34880559331909,96.34880559331909,1
2026-0808-04-02-05-06,3,4,キスアンドクライ,ウインベアトリス,0.21058243146745545,0.08742691187231204,0.12315551959514341,2.408668303130887,3,98.62109147407263,98.62109147407263,1
2026-0808-04-02-05-06,4,5,ウインベアトリス,メランジェ,0.08742691187231204,0.04320971386574544,0.0442171980065666,2.0233161493258542,4,90.50301029326083,90.50301029326083,1
2026-0808-04-02-05-07,1,2,レガーロデルシエロ,レイニング,0.17434599454558183,0.129017355416387,0.045328639129194825,1.3513375311631715,1,90.79432899592153,90.79432899592153,1
2026-0808-04-02-05-08,6,7,カレンハウ,ソニックウェーブ,0.10613335545397999,0.05887963432463019,0.0472537211293498,1.8025478023321027,6,91.41580889493105,91.41580889493105,1
2026-0808-04-02-05-10,1,2,サレジオ,マツリダイコ,0.3507644977754336,0.2417479121395282,0.10901658563590541,1.4509515084166889,1,98.01903282190717,98.01903282190717,1
2026-0808-04-02-05-10,2,3,マツリダイコ,クリールスル,0.2417479121395282,0.12702128166323085,0.11472663047629736,1.9032079425908324,2,98.27150903087978,98.27150903087978,1
2026-0808-04-02-05-10,3,4,クリールスル,エラルディーク,0.12702128166323085,0.0787842142956458,0.04823706736758504,1.612268178325299,3,91.55175762283939,91.55175762283939,1
2026-0808-04-02-05-12,1,2,ブラッキッシュ,ポポラヴィスタ,0.23253713721632036,0.18099256727809607,0.05154456993822429,1.2847883242576794,1,92.25092250922509,92.25092250922509,1
2026-0808-04-02-05-12,2,3,ポポラヴィスタ,マイネルリーヒム,0.18099256727809607,0.11773218032327468,0.06326038695482139,1.5373245172315504,2,94.11536220625364,94.11536220625364,1
2026-0808-07-02-05-01,1,2,ジーティーキャリー,メイショウジェード,0.35735647363469586,0.27979414554356585,0.07756232809113,1.277212119433189,1,95.84385317537387,95.84385317537387,1
2026-0808-07-02-05-01,2,3,メイショウジェード,プリメラエストレラ,0.27979414554356585,0.17586527546016054,0.10392887008340532,1.590957309858186,2,97.86366284715479,97.86366284715479,1
2026-0808-07-02-05-01,4,5,シュプレヒコール,イザベル,0.14717317922864132,0.08649595738634387,0.060677221842297444,1.7015035578053186,4,93.66867352884056,93.66867352884056,1
2026-0808-07-02-05-03,1,2,タガノプディング,ピョイットハレルヤ,0.20698539475009867,0.11771333385520517,0.08927206089489349,1.7583852905288007,1,96.85375801126432,96.85375801126432,1
2026-0808-07-02-05-04,1,2,タニセンゴールド,インドミタビリティ,0.17635455850928802,0.12910936059537478,0.04724519791391324,1.3659316233621388,1,91.39638764808701,91.39638764808701,1
2026-0808-07-02-05-05,1,2,レイクラシック,ゼンノインヴォーク,0.3480835718798939,0.18988118136659177,0.15820239051330215,1.833165189802936,1,99.43678384152263,99.43678384152263,1
2026-0808-07-02-05-05,3,4,エイシンビーコン,ワンダーデリエール,0.1821927674905264,0.045736043731552205,0.1364567237589742,3.983570781939671,3,99.08720139832977,99.08720139832977,1
2026-0808-07-02-05-06,1,2,テイエムアイラン,オリバナム,0.22189565737837788,0.17614013131197692,0.04575552606640096,1.259767752672782,1,90.93027772382986,90.93027772382986,1
2026-0808-07-02-05-06,3,4,ビップディラン,ショウナンバルドル,0.17042384119137807,0.08989699816729532,0.08052684302408275,1.8957678750765956,3,96.19343561856671,96.19343561856671,1
2026-0808-07-02-05-07,3,4,シンビリーブ,クァンタムウェーブ,0.18132025562357842,0.09372112272511424,0.08759913289846419,1.9346786546229717,3,96.73723053020004,96.73723053020004,1
2026-0808-07-02-05-08,1,2,リアンドゥクール,ゴンタ,0.16519069888867813,0.11760014853648304,0.04759055035219509,1.4046810394753124,1,91.45465138861914,91.45465138861914,1
2026-0808-07-02-05-09,2,3,クラウンセト,ポワンキュルミナン,0.1388561949121594,0.08542937815834507,0.05342681675381432,1.62539161475326,2,92.63934744610603,92.63934744610603,1
2026-0808-07-02-05-10,3,4,マイベスティー,マユナイト,0.10563563185089829,0.05941790776763208,0.04621772408326621,1.7778416612044243,3,91.08564769858225,91.08564769858225,1
2026-0808-07-02-05-11,2,3,バルセシート,オーバースタンド,0.25840782148929536,0.1376333896872532,0.12077443180204217,1.8775082273021109,2,98.46572149932025,98.46572149932025,1
2026-0808-07-02-05-12,4,5,グレンセロース,ティグリス,0.10835206589837235,0.06030972344240655,0.048042342455965795,1.7965936454980493,4,91.53233637599534,91.53233637599534,1
2026-0809-01-01-06-01,2,3,ヴァイタリズム,サルトヴェローチェ,0.1281408329241007,0.08461083749266016,0.04352999543144054,1.5144730476780435,2,90.28937657797631,90.28937657797631,1
2026-0809-01-01-06-02,1,2,スイーヴル,マーゴットオネイロ,0.28363841942693285,0.18229705021985446,0.1013413692070784,1.5559133792064017,1,97.66945037871432,97.66945037871432,1
2026-0809-01-01-06-02,4,5,メイショウマドンナ,ロングフルスペック,0.14109229979932775,0.06386478027739279,0.07722751952193496,2.2092348738459906,4,95.80501068168576,95.80501068168576,1
2026-0809-01-01-06-04,2,3,ホウオウファラオ,サクセスゴールド,0.17403514088246733,0.07929558383722497,0.09473955704524235,2.194764606812407,2,97.20334045445718,97.20334045445718,1
2026-0809-01-01-06-06,1,2,ドンテスタマスター,シャンドラファール,0.31505050650810834,0.26573679463736927,0.049313711870739074,1.1855735181047613,1,91.804233831812,91.804233831812,1
2026-0809-01-01-06-07,1,2,トリニタリオ,メイショウローゼ,0.294358104132301,0.16638614569318735,0.12797195843911366,1.7691262869631665,1,98.69877646144883,98.69877646144883,1
2026-0809-01-01-06-07,3,4,デルマフジ,メイショウハーブス,0.14811932631220662,0.08871114530332588,0.059408181008880734,1.6696811410308041,3,93.49388230724412,93.49388230724412,1
2026-0809-01-01-06-08,5,6,メイショウコシュウ,ピエナオルカ,0.11653642607434707,0.0673337120721263,0.049202714002220774,1.7307292660401075,5,91.74597009127986,91.74597009127986,1
2026-0809-01-01-06-09,1,2,ニシノサリーナ,ウィングブルー,0.29804518363976273,0.23726724010856667,0.06077794353119606,1.2561581763389915,1,93.68809477568459,93.68809477568459,1
2026-0809-01-01-06-09,4,5,ルージュベルベット,ノアールビーナス,0.1755579847628017,0.10134327864781466,0.07421470611498705,1.7323100959945843,4,95.5331132258691,95.5331132258691,1
2026-0809-01-01-06-10,2,3,タガノエルー,プライベートアイズ,0.21999078002504766,0.16660111273620007,0.053389667288847587,1.3204640498013118,2,92.60050495241795,92.60050495241795,1
2026-0809-01-01-06-10,3,4,プライベートアイズ,テイエムゴッホ,0.16660111273620007,0.10594540943252767,0.0606557033036724,1.5725184661474318,3,93.64925228199651,93.64925228199651,1
2026-0809-01-01-06-11,1,2,ブラックチャリス,マーブルパレス,0.24830551614368,0.19149566341817176,0.05680985272550823,1.2966639124430288,1,93.14429986405128,93.14429986405128,1
2026-0809-01-01-06-11,2,3,マーブルパレス,ナムラクララ,0.19149566341817176,0.09774170381941291,0.09375395959875885,1.95920120005252,2,97.12565546708099,97.12565546708099,1
2026-0809-01-01-06-12,6,7,ディーリライズ,ゴーゴータカシ,0.13350782349122559,0.05507784090966184,0.07842998258156375,2.4239843335580975,6,95.9798019032822,95.9798019032822,1
2026-0809-04-02-06-01,1,2,アオイノリプー,スーパーユタカ,0.18183743619580517,0.12873633989186653,0.05310109630393864,1.412479462664089,1,92.56166245872986,92.56166245872986,1
2026-0809-04-02-06-01,3,4,エクスマキナ,シアルナーレ,0.1280255080184086,0.05602816349434566,0.07199734452406292,2.2850206045273795,3,95.10584579530006,95.10584579530006,1
2026-0809-04-02-06-03,1,2,ハングローズ,エコロセレナ,0.2506161198802605,0.1389305406693694,0.11168557921089109,1.8038950879539395,1,98.17440279665955,98.17440279665955,1
2026-0809-04-02-06-03,3,4,ローズオブジャパン,セントリアン,0.12863547035777986,0.06977757974981373,0.05885789060796613,1.8435071955633895,3,93.45503981355603,93.45503981355603,1
2026-0809-04-02-06-04,2,3,モンスターラッシュ,カシマライフウ,0.22659005685695272,0.16476451131774136,0.06182554553921135,1.3752358141006678,2,93.88230724412507,93.88230724412507,1
2026-0809-04-02-06-04,3,4,カシマライフウ,アデルフィー,0.16476451131774136,0.09416466716277577,0.07059984415496559,1.7497487782006882,3,94.91163332685957,94.91163332685957,1
2026-0809-04-02-06-04,4,5,アデルフィー,ユイノスレチガイ,0.09416466716277577,0.04319338766114377,0.050971279501632,2.1800713549376245,4,92.13439502816081,92.13439502816081,1
2026-0809-04-02-06-05,2,3,ベルゼビュート,ゼファーテソーロ,0.27776580925042327,0.21616305903652303,0.06160275021390024,1.2849827833140157,2,93.82404350359293,93.82404350359293,1
2026-0809-04-02-06-05,4,5,アンバサダネージュ,サトノエスケープ,0.21290190970897513,0.09061990166957196,0.12228200803940317,2.349394622886273,4,98.56282773354049,98.56282773354049,1
2026-0809-04-02-06-06,1,2,ライヒスアドラー,カニキュル,0.29851204003041315,0.21021013107682782,0.08830190895358533,1.4200649535835772,1,96.81491551757622,96.81491551757622,1
2026-0809-04-02-06-07,1,2,メルカントゥール,マクリール,0.25808566848330017,0.20750159144495572,0.050584077038344444,1.2437768148480102,1,92.03728879394058,92.03728879394058,1
2026-0809-04-02-06-07,2,3,マクリール,ドンエレクトス,0.20750159144495572,0.13926128777398633,0.0682403036709694,1.4900163194075857,2,94.54262963682268,94.54262963682268,1
2026-0809-04-02-06-08,1,2,ハニーローリエ,カレンデュラ,0.2657432289126989,0.16276037242898964,0.10298285648370928,1.6327268422087167,1,97.80539910662264,97.80539910662264,1
2026-0809-04-02-06-08,2,3,カレンデュラ,ロードトレゾール,0.16276037242898964,0.0970161864232848,0.06574418600570484,1.6776620317650994,2,94.3872596620703,94.3872596620703,1
2026-0809-04-02-06-08,3,4,ロードトレゾール,ラヴェンデル,0.0970161864232848,0.049903929877131034,0.047112256546153766,1.944059048298387,3,91.33812390755487,91.33812390755487,1
2026-0809-04-02-06-09,1,2,ピコテンダー,キョウエイカンフ,0.2393185333890594,0.0882638769413645,0.1510546564476949,2.7113983849592693,1,99.37852010099049,99.37852010099049,1
2026-0809-04-02-06-10,1,2,ウップヘリーア,モートンアイランド,0.4676813841456629,0.3249289076437156,0.14275247650194728,1.4393344917728135,1,99.28141386677025,99.28141386677025,1
2026-0809-04-02-06-10,2,3,モートンアイランド,ミッドセンチュリー,0.3249289076437156,0.18741412893571352,0.1375147787080021,1.7337481943806499,2,99.10662264517383,99.10662264517383,1
2026-0809-04-02-06-10,3,4,ミッドセンチュリー,オプレントジュエル,0.18741412893571352,0.10923946865675342,0.0781746602789601,1.715626515216734,3,95.9409594095941,95.9409594095941,1
2026-0809-04-02-06-10,6,7,テイキットイージー,トラストモアリズム,0.06948635692263716,0.023397306870942786,0.04608905005169438,2.9698442348906644,6,91.02738395805011,91.02738395805011,1
2026-0809-04-02-06-11,2,3,ベルランコントル,ワイズファミリア,0.2061505559477856,0.14259004713316442,0.06356050881462119,1.4457569801857364,2,94.15420469994173,94.15420469994173,1
2026-0809-04-02-06-11,3,4,ワイズファミリア,ルシアージュ,0.14259004713316442,0.096080761203363,0.04650928592980143,1.4840645031044313,3,91.20217517964655,91.20217517964655,1
2026-0809-04-02-06-12,4,5,セリエンクーニゲン,エンジェルサン,0.18160996453315897,0.13499531889619026,0.04661464563696871,1.3453056448039862,4,91.22159642649058,91.22159642649058,1
2026-0809-07-02-06-01,3,4,フィンガーレイクス,チュオンソン,0.12702671116077865,0.061498562110647775,0.06552814905013088,2.0655232708080735,3,94.30957467469412,94.30957467469412,1
2026-0809-07-02-06-04,1,2,エイシンリブウェル,アラムシャピラス,0.3111923556559425,0.26684676751519504,0.04434558814074746,1.1661837186700128,1,90.54185278694892,90.54185278694892,1
2026-0809-07-02-06-04,3,4,スパルタンエックス,メイショウヒタカミ,0.2580023661264899,0.12475443838176474,0.13324792774472516,2.06808166084616,3,98.91241017673335,98.91241017673335,1
2026-0809-07-02-06-04,4,5,メイショウヒタカミ,タイセイゼスティ,0.12475443838176474,0.07416103488915883,0.05059340349260591,1.6822100523303494,4,92.05671004078462,92.05671004078462,1
2026-0809-07-02-06-05,2,3,ペプチドレオン,カレンパンピナップ,0.1393300601329739,0.09458832646225825,0.04474173367071564,1.4730153851338947,2,90.6583802680132,90.6583802680132,1
2026-0809-07-02-06-06,2,3,カリーニョ,カレントゥルーシー,0.22271570450986986,0.17856838728066035,0.044147317229209504,1.2472291871003016,2,90.46416779957273,90.46416779957273,1
2026-0809-07-02-06-06,4,5,サトノアイボリー,ダイヤモンドハンズ,0.17110553310809254,0.07901831757762424,0.0920872155304683,2.1653907391789975,4,97.04797047970479,97.04797047970479,1
2026-0809-07-02-06-06,6,7,ヤマニンループ,ショウナンハウル,0.057550599504705355,0.01227696547000979,0.045273634034695566,4.687689286517107,6,90.75548650223344,90.75548650223344,1
2026-0809-07-02-06-09,1,2,メイショウソウセキ,アレナリア,0.21944631671577428,0.09859891448672402,0.12084740222905026,2.2256463761101744,1,98.4851427461643,98.4851427461643,1
2026-0809-07-02-06-10,2,3,ヴォンドゥ,グランデスフィーダ,0.12068845340670384,0.07546158457912404,0.0452268688275798,1.5993363256261588,2,90.73606525538939,90.73606525538939,1
2026-0809-07-02-06-11,1,2,フロムレイブン,ウェルカムソング,0.1883536832987772,0.1424593144762548,0.0458943688225224,1.3221577261637891,1,90.96912021751797,90.96912021751797,1
2026-0809-07-02-06-12,1,2,ビッグヒーロー,ブランチアウト,0.31983565290951843,0.2188978602413616,0.10093779266815683,1.4611182245311152,1,97.63060788502622,97.63060788502622,1
2026-0809-07-02-06-12,2,3,ブランチアウト,レインボーステート,0.2188978602413616,0.13858231448305044,0.08031554575831115,1.5795511935120286,2,96.15459312487862,96.15459312487862,1
