horse_id,target_race_id,source_race_id,source_date,race_first_prize,normalized_source_class,baseline_used,filter_a_used,filter_b_used,reason
2019106416,2026-0704-02-01-07-09,2021-0606-05-03-02-05,2021-06-06,00070000,1勝以上,1,1,0,explicit/experimental prize tier
2019106416,2026-0704-02-01-07-09,2021-0626-05-03-07-01,2021-06-26,00051000,初期/未勝利相当,1,0,0,explicit/experimental prize tier
2019106416,2026-0704-02-01-07-09,2021-0718-03-01-06-02,2021-07-18,00051000,初期/未勝利相当,1,0,0,explicit/experimental prize tier
2019106416,2026-0704-02-01-07-09,2021-1009-05-04-01-02,2021-10-09,00051000,初期/未勝利相当,1,0,0,explicit/experimental prize tier
2019106416,2026-0704-02-01-07-09,2021-1030-04-05-07-05,2021-10-30,00051000,初期/未勝利相当,1,0,0,explicit/experimental prize tier
2019106416,2026-0704-02-01-07-09,2021-1114-05-05-04-02,2021-11-14,00051000,初期/未勝利相当,1,0,0,explicit/experimental prize tier
2019106416,2026-0704-02-01-07-09,2021-1205-06-05-02-03,2021-12-05,00051000,初期/未勝利相当,1,0,0,explicit/experimental prize tier
2019106416,2026-0704-02-01-07-09,2022-0410-06-03-06-04,2022-04-10,00052000,初期/未勝利相当,1,0,0,explicit/experimental prize tier
2019106416,2026-0704-02-01-07-09,2022-0501-05-02-04-05,2022-05-01,00052000,初期/未勝利相当,1,0,0,explicit/experimental prize tier
2019106416,2026-0704-02-01-07-09,2022-0618-02-01-03-04,2022-06-18,00052000,初期/未勝利相当,1,0,0,explicit/experimental prize tier
2019106416,2026-0704-02-01-07-09,2022-0702-02-01-07-03,2022-07-02,00052000,初期/未勝利相当,1,0,0,explicit/experimental prize tier
2020100621,2026-0704-02-01-07-09,2022-0710-03-02-04-05,2022-07-10,00070000,1勝以上,1,1,0,explicit/experimental prize tier
2019106416,2026-0704-02-01-07-09,2022-0716-02-01-11-05,2022-07-16,00052000,初期/未勝利相当,1,0,0,explicit/experimental prize tier
2020100621,2026-0704-02-01-07-09,2022-0730-04-02-01-01,2022-07-30,00052000,初期/未勝利相当,1,0,0,explicit/experimental prize tier
2019106416,2026-0704-02-01-07-09,2022-0731-01-01-04-04,2022-07-31,00052000,初期/未勝利相当,1,0,0,explicit/experimental prize tier
2019106416,2026-0704-02-01-07-09,2022-0820-04-03-03-07,2022-08-20,00052000,初期/未勝利相当,1,0,0,explicit/experimental prize tier
2020100621,2026-0704-02-01-07-09,2022-0821-04-03-04-02,2022-08-21,00052000,初期/未勝利相当,1,0,0,explicit/experimental prize tier
2020100621,2026-0704-02-01-07-09,2022-0919-06-04-05-04,2022-09-19,00052000,初期/未勝利相当,1,0,0,explicit/experimental prize tier
2020105796,2026-0704-02-01-07-08,2022-1127-05-05-08-06,2022-11-27,00070000,1勝以上,1,1,0,explicit/experimental prize tier
2020100621,2026-0704-02-01-07-09,2022-1210-06-05-03-04,2022-12-10,00052000,初期/未勝利相当,1,0,0,explicit/experimental prize tier
2020105796,2026-0704-02-01-07-08,2022-1217-06-05-05-07,2022-12-17,00052000,初期/未勝利相当,1,0,0,explicit/experimental prize tier
2019106416,2026-0704-02-01-07-09,2022-1224-06-05-07-09,2022-12-24,00107000,1勝以上,1,1,0,explicit/experimental prize tier
2020100621,2026-0704-02-01-07-09,2022-1228-06-05-09-04,2022-12-28,00052000,初期/未勝利相当,1,0,0,explicit/experimental prize tier
2020105796,2026-0704-02-01-07-08,2023-0107-06-01-02-06,2023-01-07,00055000,初期/未勝利相当,1,0,0,explicit/experimental prize tier
2020105796,2026-0704-02-01-07-08,2023-0122-06-01-08-05,2023-01-22,00055000,初期/未勝利相当,1,0,0,explicit/experimental prize tier
2019106416,2026-0704-02-01-07-09,2023-0205-05-01-04-04,2023-02-05,00080000,1勝以上,1,1,0,explicit/experimental prize tier
2020100621,2026-0704-02-01-07-09,2023-0205-07-01-12-05,2023-02-05,00055000,初期/未勝利相当,1,0,0,explicit/experimental prize tier
2020100621,2026-0704-02-01-07-09,2023-0226-10-02-06-05,2023-02-26,00055000,初期/未勝利相当,1,0,0,explicit/experimental prize tier
2020100621,2026-0704-02-01-07-09,2023-0311-06-02-05-05,2023-03-11,00055000,初期/未勝利相当,1,0,0,explicit/experimental prize tier
2020105796,2026-0704-02-01-07-08,2023-0402-06-03-04-08,2023-04-02,00107000,1勝以上,1,1,0,explicit/experimental prize tier
2019106416,2026-0704-02-01-07-09,2023-0409-06-03-06-08,2023-04-09,00080000,1勝以上,1,1,0,explicit/experimental prize tier
2020100060,2026-0704-02-01-07-10,2023-0422-03-01-05-07,2023-04-22,00055000,初期/未勝利相当,1,0,0,explicit/experimental prize tier
2020105796,2026-0704-02-01-07-08,2023-0422-05-02-01-09,2023-04-22,00107000,1勝以上,1,1,0,explicit/experimental prize tier
2020100621,2026-0704-02-01-07-09,2023-0507-05-02-06-04,2023-05-07,00055000,初期/未勝利相当,1,0,0,explicit/experimental prize tier
2020100621,2026-0704-02-01-07-09,2023-0521-05-02-10-04,2023-05-21,00055000,初期/未勝利相当,1,0,0,explicit/experimental prize tier
2020100060,2026-0704-02-01-07-10,2023-0611-05-03-04-03,2023-06-11,00055000,初期/未勝利相当,1,0,0,explicit/experimental prize tier
2020100621,2026-0704-02-01-07-09,2023-0618-05-03-06-07,2023-06-18,00080000,1勝以上,1,1,0,explicit/experimental prize tier
2019106416,2026-0704-02-01-07-09,2023-0624-05-03-07-12,2023-06-24,00080000,1勝以上,1,1,0,explicit/experimental prize tier
2020105796,2026-0704-02-01-07-08,2023-0701-03-02-01-09,2023-07-01,00111000,2勝以上,1,1,1,explicit/experimental prize tier
2020100060,2026-0704-02-01-07-10,2023-0709-03-02-04-07,2023-07-09,00055000,初期/未勝利相当,1,0,0,explicit/experimental prize tier
2019106416,2026-0704-02-01-07-09,2023-0709-03-02-04-09,2023-07-09,00111000,2勝以上,1,1,1,explicit/experimental prize tier
2019106416,2026-0704-02-01-07-09,2023-0722-03-02-07-09,2023-07-22,00111000,2勝以上,1,1,1,explicit/experimental prize tier
2020105796,2026-0704-02-01-07-08,2023-0723-03-02-08-08,2023-07-23,00080000,1勝以上,1,1,0,explicit/experimental prize tier
2020100060,2026-0704-02-01-07-10,2023-0806-01-01-06-02,2023-08-06,00055000,初期/未勝利相当,1,0,0,explicit/experimental prize tier
2020105796,2026-0704-02-01-07-08,2023-0806-04-02-04-07,2023-08-06,00080000,1勝以上,1,1,0,explicit/experimental prize tier
2020100060,2026-0704-02-01-07-10,2023-0820-01-02-04-03,2023-08-20,00055000,初期/未勝利相当,1,0,0,explicit/experimental prize tier
2020100621,2026-0704-02-01-07-09,2023-0827-04-03-06-07,2023-08-27,00080000,1勝以上,1,1,0,explicit/experimental prize tier
2019106416,2026-0704-02-01-07-09,2023-0902-04-03-07-12,2023-09-02,00080000,1勝以上,1,1,0,explicit/experimental prize tier
2020100060,2026-0704-02-01-07-10,2023-0903-01-02-08-05,2023-09-03,00055000,初期/未勝利相当,1,0,0,explicit/experimental prize tier
2020100621,2026-0704-02-01-07-09,2023-0916-06-04-03-12,2023-09-16,00080000,1勝以上,1,1,0,explicit/experimental prize tier
2021105715,2026-0704-02-01-07-07,2023-0923-09-04-06-05,2023-09-23,00072000,1勝以上,1,1,0,explicit/experimental prize tier
2020100621,2026-0704-02-01-07-09,2023-1007-05-04-01-08,2023-10-07,00080000,1勝以上,1,1,0,explicit/experimental prize tier
2019106416,2026-0704-02-01-07-09,2023-1008-05-04-02-08,2023-10-08,00080000,1勝以上,1,1,0,explicit/experimental prize tier
2019106416,2026-0704-02-01-07-09,2023-1014-05-04-04-08,2023-10-14,00080000,1勝以上,1,1,0,explicit/experimental prize tier
2020105796,2026-0704-02-01-07-08,2023-1015-05-04-05-07,2023-10-15,00080000,1勝以上,1,1,0,explicit/experimental prize tier
2021102312,2026-0704-02-01-07-07,2023-1021-08-02-06-04,2023-10-21,00072000,1勝以上,1,1,0,explicit/experimental prize tier
2020105796,2026-0704-02-01-07-08,2023-1028-04-04-05-09,2023-10-28,00111000,2勝以上,1,1,1,explicit/experimental prize tier
2021103809,2026-0704-02-01-07-10,2023-1029-05-04-09-05,2023-10-29,00072000,1勝以上,1,1,0,explicit/experimental prize tier
2020105796,2026-0704-02-01-07-08,2023-1111-03-03-03-08,2023-11-11,00080000,1勝以上,1,1,0,explicit/experimental prize tier
2020100060,2026-0704-02-01-07-10,2023-1119-03-03-06-03,2023-11-19,00080000,1勝以上,1,1,0,explicit/experimental prize tier
2021103809,2026-0704-02-01-07-10,2023-1125-05-05-07-03,2023-11-25,00055000,初期/未勝利相当,1,0,0,explicit/experimental prize tier
2021103809,2026-0704-02-01-07-10,2023-1228-06-05-09-02,2023-12-28,00055000,初期/未勝利相当,1,0,0,explicit/experimental prize tier
2021105931,2026-0704-02-01-07-10,2024-0106-08-01-01-04,2024-01-06,00062000,初期/未勝利相当,1,0,0,explicit/experimental prize tier
2020100060,2026-0704-02-01-07-10,2024-0113-06-01-04-07,2024-01-13,00080000,1勝以上,1,1,0,explicit/experimental prize tier
2020105796,2026-0704-02-01-07-08,2024-0113-10-01-01-06,2024-01-13,00080000,1勝以上,1,1,0,explicit/experimental prize tier
2019106416,2026-0704-02-01-07-09,2024-0120-06-01-06-12,2024-01-20,00080000,1勝以上,1,1,0,explicit/experimental prize tier
2020105796,2026-0704-02-01-07-08,2024-0120-10-01-03-10,2024-01-20,00111000,2勝以上,1,1,1,explicit/experimental prize tier
2019106416,2026-0704-02-01-07-09,2024-0203-05-01-03-07,2024-02-03,00080000,1勝以上,1,1,0,explicit/experimental prize tier
2020105796,2026-0704-02-01-07-08,2024-0217-10-02-03-09,2024-02-17,00111000,2勝以上,1,1,1,explicit/experimental prize tier
2021105931,2026-0704-02-01-07-10,2024-0224-09-01-01-02,2024-02-24,00055000,初期/未勝利相当,1,0,0,explicit/experimental prize tier
2019106416,2026-0704-02-01-07-09,2024-0225-06-02-02-07,2024-02-25,00080000,1勝以上,1,1,0,explicit/experimental prize tier
2020100621,2026-0704-02-01-07-09,2024-0302-10-02-07-10,2024-03-02,00111000,2勝以上,1,1,1,explicit/experimental prize tier
2020105796,2026-0704-02-01-07-08,2024-0303-10-02-08-09,2024-03-03,00111000,2勝以上,1,1,1,explicit/experimental prize tier
2021103809,2026-0704-02-01-07-10,2024-0310-06-02-06-06,2024-03-10,00078000,1勝以上,1,1,0,explicit/experimental prize tier
2021102312,2026-0704-02-01-07-07,2024-0310-07-01-02-03,2024-03-10,00055000,初期/未勝利相当,1,0,0,explicit/experimental prize tier
2021102200,2026-0704-02-01-07-10,2024-0316-06-02-07-04,2024-03-16,00055000,初期/未勝利相当,1,0,0,explicit/experimental prize tier
2019106416,2026-0704-02-01-07-09,2024-0323-06-03-01-07,2024-03-23,00080000,1勝以上,1,1,0,explicit/experimental prize tier
2021102312,2026-0704-02-01-07-07,2024-0323-07-01-05-02,2024-03-23,00055000,初期/未勝利相当,1,0,0,explicit/experimental prize tier
2020105796,2026-0704-02-01-07-08,2024-0324-07-01-06-07,2024-03-24,00080000,1勝以上,1,1,0,explicit/experimental prize tier
2021103809,2026-0704-02-01-07-10,2024-0331-06-03-04-06,2024-03-31,00078000,1勝以上,1,1,0,explicit/experimental prize tier
2020105796,2026-0704-02-01-07-08,2024-0407-03-01-02-08,2024-04-07,00080000,1勝以上,1,1,0,explicit/experimental prize tier
2020100621,2026-0704-02-01-07-09,2024-0407-06-03-06-08,2024-04-07,00080000,1勝以上,1,1,0,explicit/experimental prize tier
2019106416,2026-0704-02-01-07-09,2024-0420-05-02-01-07,2024-04-20,00080000,1勝以上,1,1,0,explicit/experimental prize tier
2021103809,2026-0704-02-01-07-10,2024-0420-08-03-01-05,2024-04-20,00078000,1勝以上,1,1,0,explicit/experimental prize tier
2020105796,2026-0704-02-01-07-08,2024-0421-03-01-06-09,2024-04-21,00111000,2勝以上,1,1,1,explicit/experimental prize tier
2021102200,2026-0704-02-01-07-10,2024-0421-05-02-02-04,2024-04-21,00055000,初期/未勝利相当,1,0,0,explicit/experimental prize tier
2021102312,2026-0704-02-01-07-07,2024-0505-08-03-06-10,2024-05-05,00200000,L,1,1,1,explicit/experimental prize tier
2021102200,2026-0704-02-01-07-10,2024-0511-05-02-07-04,2024-05-11,00055000,初期/未勝利相当,1,0,0,explicit/experimental prize tier
2021105931,2026-0704-02-01-07-10,2024-0519-08-03-10-06,2024-05-19,00078000,1勝以上,1,1,0,explicit/experimental prize tier
2021102200,2026-0704-02-01-07-10,2024-0602-05-03-02-03,2024-06-02,00055000,初期/未勝利相当,1,0,0,explicit/experimental prize tier
2020100621,2026-0704-02-01-07-09,2024-0608-02-01-01-07,2024-06-08,00080000,1勝以上,1,1,0,explicit/experimental prize tier
2020105796,2026-0704-02-01-07-08,2024-0608-02-01-01-09,2024-06-08,00111000,2勝以上,1,1,1,explicit/experimental prize tier
2021105931,2026-0704-02-01-07-10,2024-0609-08-04-04-07,2024-06-09,00080000,1勝以上,1,1,0,explicit/experimental prize tier
2020100621,2026-0704-02-01-07-09,2024-0622-02-01-05-09,2024-06-22,00111000,2勝以上,1,1,1,explicit/experimental prize tier
2020105796,2026-0704-02-01-07-08,2024-0623-02-01-06-07,2024-06-23,00080000,1勝以上,1,1,0,explicit/experimental prize tier
2021102200,2026-0704-02-01-07-10,2024-0629-03-02-01-03,2024-06-29,00055000,初期/未勝利相当,1,0,0,explicit/experimental prize tier
2021103809,2026-0704-02-01-07-10,2024-0629-03-02-01-08,2024-06-29,00080000,1勝以上,1,1,0,explicit/experimental prize tier
2022102135,2026-0704-02-01-07-09,2024-0630-02-01-08-05,2024-06-30,00072000,1勝以上,1,1,0,explicit/experimental prize tier
2020100621,2026-0704-02-01-07-09,2024-0706-02-01-09-09,2024-07-06,00111000,2勝以上,1,1,1,explicit/experimental prize tier
2022104973,2026-0704-02-01-07-08,2024-0707-10-03-04-05,2024-07-07,00072000,1勝以上,1,1,0,explicit/experimental prize tier
2020105796,2026-0704-02-01-07-08,2024-0713-02-01-11-07,2024-07-13,00080000,1勝以上,1,1,0,explicit/experimental prize tier
2022107254,2026-0704-02-01-07-10,2024-0714-03-02-06-05,2024-07-14,00072000,1勝以上,1,1,0,explicit/experimental prize tier
2022105443,2026-0704-02-01-07-10,2024-0720-01-01-01-05,2024-07-20,00072000,1勝以上,1,1,0,explicit/experimental prize tier
2020100621,2026-0704-02-01-07-09,2024-0720-01-01-01-09,2024-07-20,00111000,2勝以上,1,1,1,explicit/experimental prize tier
2021102200,2026-0704-02-01-07-10,2024-0720-03-02-07-04,2024-07-20,00055000,初期/未勝利相当,1,0,0,explicit/experimental prize tier
2020105796,2026-0704-02-01-07-08,2024-0727-01-01-03-09,2024-07-27,00111000,2勝以上,1,1,1,explicit/experimental prize tier
2022106231,2026-0704-02-01-07-09,2024-0728-01-01-04-05,2024-07-28,00072000,1勝以上,1,1,0,explicit/experimental prize tier
2020100621,2026-0704-02-01-07-09,2024-0803-01-01-05-08,2024-08-03,00080000,1勝以上,1,1,0,explicit/experimental prize tier
2022106231,2026-0704-02-01-07-09,2024-0810-01-02-01-01,2024-08-10,00055000,初期/未勝利相当,1,0,0,explicit/experimental prize tier
2020105796,2026-0704-02-01-07-08,2024-0810-01-02-01-08,2024-08-10,00080000,1勝以上,1,1,0,explicit/experimental prize tier
2022102135,2026-0704-02-01-07-09,2024-0811-01-02-02-08,2024-08-11,00160000,2勝以上,1,1,1,explicit/experimental prize tier
2022107254,2026-0704-02-01-07-10,2024-0811-04-03-02-03,2024-08-11,00055000,初期/未勝利相当,1,0,0,explicit/experimental prize tier
2021102200,2026-0704-02-01-07-10,2024-0811-04-03-02-08,2024-08-11,00080000,1勝以上,1,1,0,explicit/experimental prize tier
2019106416,2026-0704-02-01-07-09,2024-0818-01-02-04-07,2024-08-18,00080000,1勝以上,1,1,0,explicit/experimental prize tier
2020105796,2026-0704-02-01-07-08,2024-0824-01-02-05-09,2024-08-24,00111000,2勝以上,1,1,1,explicit/experimental prize tier
2021102312,2026-0704-02-01-07-07,2024-0824-07-02-05-12,2024-08-24,00080000,1勝以上,1,1,0,explicit/experimental prize tier
2019106416,2026-0704-02-01-07-09,2024-0901-01-02-08-07,2024-09-01,00080000,1勝以上,1,1,0,explicit/experimental prize tier
2022104973,2026-0704-02-01-07-08,2024-0907-07-03-01-03,2024-09-07,00055000,初期/未勝利相当,1,0,0,explicit/experimental prize tier
2022105443,2026-0704-02-01-07-10,2024-0914-07-03-03-01,2024-09-14,00055000,初期/未勝利相当,1,0,0,explicit/experimental prize tier
2020100060,2026-0704-02-01-07-10,2024-0916-06-04-05-09,2024-09-16,00155000,2勝以上,1,1,1,explicit/experimental prize tier
2021102312,2026-0704-02-01-07-07,2024-0916-07-03-05-08,2024-09-16,00080000,1勝以上,1,1,0,explicit/experimental prize tier
2022104601,2026-0704-02-01-07-10,2024-0921-06-04-06-03,2024-09-21,00072000,1勝以上,1,1,0,explicit/experimental prize tier
2021103809,2026-0704-02-01-07-10,2024-0921-06-04-06-07,2024-09-21,00080000,1勝以上,1,1,0,explicit/experimental prize tier
2022104164,2026-0704-02-01-07-08,2024-0922-07-03-07-05,2024-09-22,00072000,1勝以上,1,1,0,explicit/experimental prize tier
2022102135,2026-0704-02-01-07-09,2024-0928-06-04-08-09,2024-09-28,00160000,2勝以上,1,1,1,explicit/experimental prize tier
2019106416,2026-0704-02-01-07-09,2024-1005-04-04-01-10,2024-10-05,00111000,2勝以上,1,1,1,explicit/experimental prize tier
2021102312,2026-0704-02-01-07-07,2024-1006-04-04-02-07,2024-10-06,00080000,1勝以上,1,1,0,explicit/experimental prize tier
2022107254,2026-0704-02-01-07-10,2024-1006-05-04-02-01,2024-10-06,00055000,初期/未勝利相当,1,0,0,explicit/experimental prize tier
2022103778,2026-0704-02-01-07-10,2024-1006-05-04-02-03,2024-10-06,00072000,1勝以上,1,1,0,explicit/experimental prize tier
2021103809,2026-0704-02-01-07-10,2024-1006-05-04-02-07,2024-10-06,00080000,1勝以上,1,1,0,explicit/experimental prize tier
2022105443,2026-0704-02-01-07-10,2024-1006-08-05-02-01,2024-10-06,00055000,初期/未勝利相当,1,0,0,explicit/experimental prize tier
2022102828,2026-0704-02-01-07-10,2024-1006-08-05-02-03,2024-10-06,00072000,1勝以上,1,1,0,explicit/experimental prize tier
2022105443,2026-0704-02-01-07-10,2024-1019-08-05-05-01,2024-10-19,00055000,初期/未勝利相当,1,0,0,explicit/experimental prize tier
2022103778,2026-0704-02-01-07-10,2024-1020-04-04-06-02,2024-10-20,00055000,初期/未勝利相当,1,0,0,explicit/experimental prize tier
2019106416,2026-0704-02-01-07-09,2024-1026-04-04-07-09,2024-10-26,00111000,2勝以上,1,1,1,explicit/experimental prize tier
2022107254,2026-0704-02-01-07-10,2024-1026-05-04-07-01,2024-10-26,00055000,初期/未勝利相当,1,0,0,explicit/experimental prize tier
2022102828,2026-0704-02-01-07-10,2024-1027-08-05-08-02,2024-10-27,00055000,初期/未勝利相当,1,0,0,explicit/experimental prize tier
2021103809,2026-0704-02-01-07-10,2024-1102-03-03-01-08,2024-11-02,00080000,1勝以上,1,1,0,explicit/experimental prize tier
2022105162,2026-0704-02-01-07-07,2024-1109-05-05-03-06,2024-11-09,00072000,1勝以上,1,1,0,explicit/experimental prize tier
2021102200,2026-0704-02-01-07-10,2024-1110-03-03-04-03,2024-11-10,00080000,1勝以上,1,1,0,explicit/experimental prize tier
2019106416,2026-0704-02-01-07-09,2024-1110-03-03-04-08,2024-11-10,00080000,1勝以上,1,1,0,explicit/experimental prize tier
2022107254,2026-0704-02-01-07-10,2024-1116-05-05-05-03,2024-11-16,00055000,初期/未勝利相当,1,0,0,explicit/experimental prize tier
2020100060,2026-0704-02-01-07-10,2024-1117-05-05-06-09,2024-11-17,00114000,2勝以上,1,1,1,explicit/experimental prize tier
2021102200,2026-0704-02-01-07-10,2024-1123-05-05-07-06,2024-11-23,00080000,1勝以上,1,1,0,explicit/experimental prize tier
2022104903,2026-0704-02-01-07-10,2024-1124-08-06-08-04,2024-11-24,00072000,1勝以上,1,1,0,explicit/experimental prize tier
2022102135,2026-0704-02-01-07-09,2024-1130-06-05-01-09,2024-11-30,00107000,1勝以上,1,1,0,explicit/experimental prize tier
2019106416,2026-0704-02-01-07-09,2024-1130-07-04-01-08,2024-11-30,00080000,1勝以上,1,1,0,explicit/experimental prize tier
2022102828,2026-0704-02-01-07-10,2024-1130-08-07-01-02,2024-11-30,00055000,初期/未勝利相当,1,0,0,explicit/experimental prize tier
2022104601,2026-0704-02-01-07-10,2024-1201-06-05-02-02,2024-12-01,00055000,初期/未勝利相当,1,0,0,explicit/experimental prize tier
2021102200,2026-0704-02-01-07-10,2024-1207-07-04-03-06,2024-12-07,00080000,1勝以上,1,1,0,explicit/experimental prize tier
2019106416,2026-0704-02-01-07-09,2024-1214-06-05-05-08,2024-12-14,00080000,1勝以上,1,1,0,explicit/experimental prize tier
2022105162,2026-0704-02-01-07-07,2024-1214-06-05-05-09,2024-12-14,00107000,1勝以上,1,1,0,explicit/experimental prize tier
2022102828,2026-0704-02-01-07-10,2024-1215-08-07-06-02,2024-12-15,00055000,初期/未勝利相当,1,0,0,explicit/experimental prize tier
2020105796,2026-0704-02-01-07-08,2024-1221-06-05-07-09,2024-12-21,00111000,2勝以上,1,1,1,explicit/experimental prize tier
2022104973,2026-0704-02-01-07-08,2024-1221-08-07-07-04,2024-12-21,00055000,初期/未勝利相当,1,0,0,explicit/experimental prize tier
2022106231,2026-0704-02-01-07-09,2024-1221-08-07-07-04,2024-12-21,00055000,初期/未勝利相当,1,0,0,explicit/experimental prize tier
2020100621,2026-0704-02-01-07-09,2024-1228-06-05-09-07,2024-12-28,00080000,1勝以上,1,1,0,explicit/experimental prize tier
2021105715,2026-0704-02-01-07-07,2024-1228-08-07-09-07,2024-12-28,00080000,1勝以上,1,1,0,explicit/experimental prize tier
2021102200,2026-0704-02-01-07-10,2025-0106-06-01-02-12,2025-01-06,00080000,1勝以上,1,1,0,explicit/experimental prize tier
2021103809,2026-0704-02-01-07-10,2025-0106-06-01-02-12,2025-01-06,00080000,1勝以上,1,1,0,explicit/experimental prize tier
2022107254,2026-0704-02-01-07-10,2025-0111-06-01-03-09,2025-01-11,00111000,2勝以上,1,1,1,explicit/experimental prize tier
2020100060,2026-0704-02-01-07-10,2025-0111-06-01-03-10,2025-01-11,00155000,2勝以上,1,1,1,explicit/experimental prize tier
2021102312,2026-0704-02-01-07-07,2025-0112-07-01-04-12,2025-01-12,00080000,1勝以上,1,1,0,explicit/experimental prize tier
2022104973,2026-0704-02-01-07-08,2025-0118-07-01-06-05,2025-01-18,00056000,初期/未勝利相当,1,0,0,explicit/experimental prize tier
2022106231,2026-0704-02-01-07-09,2025-0118-07-01-06-05,2025-01-18,00056000,初期/未勝利相当,1,0,0,explicit/experimental prize tier
2020100060,2026-0704-02-01-07-10,2025-0125-06-01-08-10,2025-01-25,00155000,2勝以上,1,1,1,explicit/experimental prize tier
2020105796,2026-0704-02-01-07-08,2025-0125-10-01-01-07,2025-01-25,00080000,1勝以上,1,1,0,explicit/experimental prize tier
2020100621,2026-0704-02-01-07-09,2025-0125-10-01-01-12,2025-01-25,00080000,1勝以上,1,1,0,explicit/experimental prize tier
2021103809,2026-0704-02-01-07-10,2025-0126-06-01-09-06,2025-01-26,00080000,1勝以上,1,1,0,explicit/experimental prize tier
2022102135,2026-0704-02-01-07-09,2025-0126-06-01-09-09,2025-01-26,00111000,2勝以上,1,1,1,explicit/experimental prize tier
2019106416,2026-0704-02-01-07-09,2025-0126-06-01-09-12,2025-01-26,00080000,1勝以上,1,1,0,explicit/experimental prize tier
2022104601,2026-0704-02-01-07-10,2025-0201-05-01-01-04,2025-02-01,00080000,1勝以上,1,1,0,explicit/experimental prize tier
2022102905,2026-0704-02-01-07-10,2025-0201-08-01-01-05,2025-02-01,00062000,初期/未勝利相当,1,0,0,explicit/experimental prize tier
2022104164,2026-0704-02-01-07-08,2025-0201-10-01-03-02,2025-02-01,00056000,初期/未勝利相当,1,0,0,explicit/experimental prize tier
2022104973,2026-0704-02-01-07-08,2025-0201-10-01-03-07,2025-02-01,00056000,初期/未勝利相当,1,0,0,explicit/experimental prize tier
2021102312,2026-0704-02-01-07-07,2025-0202-08-01-02-12,2025-02-02,00080000,1勝以上,1,1,0,explicit/experimental prize tier
2022104903,2026-0704-02-01-07-10,2025-0202-10-01-04-08,2025-02-02,00080000,1勝以上,1,1,0,explicit/experimental prize tier
2019106416,2026-0704-02-01-07-09,2025-0208-05-01-03-04,2025-02-08,00080000,1勝以上,1,1,0,explicit/experimental prize tier
2022105162,2026-0704-02-01-07-07,2025-0208-05-01-03-09,2025-02-08,00111000,2勝以上,1,1,1,explicit/experimental prize tier
2021102200,2026-0704-02-01-07-10,2025-0208-10-01-05-08,2025-02-08,00080000,1勝以上,1,1,0,explicit/experimental prize tier
2020105796,2026-0704-02-01-07-08,2025-0208-10-01-05-09,2025-02-08,00111000,2勝以上,1,1,1,explicit/experimental prize tier
2021105931,2026-0704-02-01-07-10,2025-0209-08-01-04-07,2025-02-09,00080000,1勝以上,1,1,0,explicit/experimental prize tier
2020100621,2026-0704-02-01-07-09,2025-0209-10-01-06-08,2025-02-09,00080000,1勝以上,1,1,0,explicit/experimental prize tier
2022103778,2026-0704-02-01-07-10,2025-0215-10-01-07-01,2025-02-15,00056000,初期/未勝利相当,1,0,0,explicit/experimental prize tier
2022106231,2026-0704-02-01-07-09,2025-0215-10-01-07-05,2025-02-15,00056000,初期/未勝利相当,1,0,0,explicit/experimental prize tier
2022107254,2026-0704-02-01-07-10,2025-0216-05-01-06-04,2025-02-16,00080000,1勝以上,1,1,0,explicit/experimental prize tier
2022104164,2026-0704-02-01-07-08,2025-0222-08-01-07-05,2025-02-22,00056000,初期/未勝利相当,1,0,0,explicit/experimental prize tier
2021102200,2026-0704-02-01-07-10,2025-0222-10-01-09-08,2025-02-22,00080000,1勝以上,1,1,0,explicit/experimental prize tier
2022102135,2026-0704-02-01-07-09,2025-0223-05-01-08-05,2025-02-23,00080000,1勝以上,1,1,0,explicit/experimental prize tier
2022103778,2026-0704-02-01-07-10,2025-0223-10-01-10-01,2025-02-23,00056000,初期/未勝利相当,1,0,0,explicit/experimental prize tier
2020100621,2026-0704-02-01-07-09,2025-0223-10-01-10-09,2025-02-23,00111000,2勝以上,1,1,1,explicit/experimental prize tier
2019106416,2026-0704-02-01-07-09,2025-0301-06-02-01-04,2025-03-01,00080000,1勝以上,1,1,0,explicit/experimental prize tier
2022106645,2026-0704-02-01-07-09,2025-0301-06-02-01-05,2025-03-01,00056000,初期/未勝利相当,1,0,0,explicit/experimental prize tier
2020105796,2026-0704-02-01-07-08,2025-0301-10-01-11-09,2025-03-01,00111000,2勝以上,1,1,1,explicit/experimental prize tier
2022105162,2026-0704-02-01-07-07,2025-0302-09-01-02-11,2025-03-02,00520000,G2,1,1,1,explicit/experimental prize tier
2022106231,2026-0704-02-01-07-09,2025-0302-10-01-12-05,2025-03-02,00056000,初期/未勝利相当,1,0,0,explicit/experimental prize tier
2020100621,2026-0704-02-01-07-09,2025-0302-10-01-12-06,2025-03-02,00080000,1勝以上,1,1,0,explicit/experimental prize tier
2021103809,2026-0704-02-01-07-10,2025-0302-10-01-12-12,2025-03-02,00080000,1勝以上,1,1,0,explicit/experimental prize tier
2021105931,2026-0704-02-01-07-10,2025-0309-09-01-04-08,2025-03-09,00114000,2勝以上,1,1,1,explicit/experimental prize tier
2022103778,2026-0704-02-01-07-10,2025-0315-06-02-05-02,2025-03-15,00056000,初期/未勝利相当,1,0,0,explicit/experimental prize tier
2022102135,2026-0704-02-01-07-09,2025-0315-06-02-05-07,2025-03-15,00080000,1勝以上,1,1,0,explicit/experimental prize tier
2022104164,2026-0704-02-01-07-08,2025-0315-07-02-01-05,2025-03-15,00056000,初期/未勝利相当,1,0,0,explicit/experimental prize tier
2022102828,2026-0704-02-01-07-10,2025-0316-07-02-02-03,2025-03-16,00056000,初期/未勝利相当,1,0,0,explicit/experimental prize tier
2021103809,2026-0704-02-01-07-10,2025-0322-06-02-07-07,2025-03-22,00080000,1勝以上,1,1,0,explicit/experimental prize tier
2021105715,2026-0704-02-01-07-07,2025-0322-07-02-03-07,2025-03-22,00080000,1勝以上,1,1,0,explicit/experimental prize tier
2020105796,2026-0704-02-01-07-08,2025-0323-06-02-08-07,2025-03-23,00080000,1勝以上,1,1,0,explicit/experimental prize tier
2022105817,2026-0704-02-01-07-09,2025-0323-09-01-08-01,2025-03-23,00056000,初期/未勝利相当,1,0,0,explicit/experimental prize tier
2022104903,2026-0704-02-01-07-10,2025-0323-09-01-08-06,2025-03-23,00080000,1勝以上,1,1,0,explicit/experimental prize tier
2022102135,2026-0704-02-01-07-09,2025-0329-06-03-01-06,2025-03-29,00080000,1勝以上,1,1,0,explicit/experimental prize tier
2022103778,2026-0704-02-01-07-10,2025-0330-06-03-02-03,2025-03-30,00056000,初期/未勝利相当,1,0,0,explicit/experimental prize tier
2021103809,2026-0704-02-01-07-10,2025-0330-06-03-02-07,2025-03-30,00080000,1勝以上,1,1,0,explicit/experimental prize tier
2022102828,2026-0704-02-01-07-10,2025-0330-09-02-02-03,2025-03-30,00056000,初期/未勝利相当,1,0,0,explicit/experimental prize tier
2022102905,2026-0704-02-01-07-10,2025-0412-09-02-05-02,2025-04-12,00056000,初期/未勝利相当,1,0,0,explicit/experimental prize tier
2022106231,2026-0704-02-01-07-09,2025-0419-03-01-03-05,2025-04-19,00056000,初期/未勝利相当,1,0,0,explicit/experimental prize tier
2022103778,2026-0704-02-01-07-10,2025-0420-06-03-08-03,2025-04-20,00056000,初期/未勝利相当,1,0,0,explicit/experimental prize tier
2022102828,2026-0704-02-01-07-10,2025-0420-09-02-08-03,2025-04-20,00056000,初期/未勝利相当,1,0,0,explicit/experimental prize tier
2022102135,2026-0704-02-01-07-09,2025-0420-09-02-08-07,2025-04-20,00080000,1勝以上,1,1,0,explicit/experimental prize tier
2021103809,2026-0704-02-01-07-10,2025-0426-03-01-05-12,2025-04-26,00080000,1勝以上,1,1,0,explicit/experimental prize tier
2022105817,2026-0704-02-01-07-09,2025-0426-05-02-01-04,2025-04-26,00056000,初期/未勝利相当,1,0,0,explicit/experimental prize tier
2022107254,2026-0704-02-01-07-10,2025-0426-05-02-01-06,2025-04-26,00080000,1勝以上,1,1,0,explicit/experimental prize tier
2022104164,2026-0704-02-01-07-08,2025-0427-08-02-02-05,2025-04-27,00056000,初期/未勝利相当,1,0,0,explicit/experimental prize tier
2021105715,2026-0704-02-01-07-07,2025-0503-04-01-01-08,2025-05-03,00080000,1勝以上,1,1,0,explicit/experimental prize tier
2022102308,2026-0704-02-01-07-10,2025-0503-08-02-03-01,2025-05-03,00056000,初期/未勝利相当,1,0,0,explicit/experimental prize tier
2022102905,2026-0704-02-01-07-10,2025-0503-08-02-03-02,2025-05-03,00056000,初期/未勝利相当,1,0,0,explicit/experimental prize tier
2022104973,2026-0704-02-01-07-08,2025-0504-05-02-04-11,2025-05-04,00200000,L,1,1,1,explicit/experimental prize tier
2022102828,2026-0704-02-01-07-10,2025-0510-04-01-03-02,2025-05-10,00056000,初期/未勝利相当,1,0,0,explicit/experimental prize tier
2019106416,2026-0704-02-01-07-09,2025-0510-04-01-03-07,2025-05-10,00080000,1勝以上,1,1,0,explicit/experimental prize tier
2021102200,2026-0704-02-01-07-10,2025-0511-04-01-04-07,2025-05-11,00080000,1勝以上,1,1,0,explicit/experimental prize tier
2022105817,2026-0704-02-01-07-09,2025-0511-05-02-06-04,2025-05-11,00056000,初期/未勝利相当,1,0,0,explicit/experimental prize tier
2022106231,2026-0704-02-01-07-09,2025-0511-08-02-06-04,2025-05-11,00056000,初期/未勝利相当,1,0,0,explicit/experimental prize tier
2022106645,2026-0704-02-01-07-09,2025-0518-05-02-08-02,2025-05-18,00056000,初期/未勝利相当,1,0,0,explicit/experimental prize tier
2022105162,2026-0704-02-01-07-07,2025-0518-05-02-08-06,2025-05-18,00080000,1勝以上,1,1,0,explicit/experimental prize tier
2022104164,2026-0704-02-01-07-08,2025-0518-08-02-08-04,2025-05-18,00056000,初期/未勝利相当,1,0,0,explicit/experimental prize tier
2022104601,2026-0704-02-01-07-10,2025-0518-08-02-08-05,2025-05-18,00080000,1勝以上,1,1,0,explicit/experimental prize tier
2019106416,2026-0704-02-01-07-09,2025-0524-04-01-07-10,2025-05-24,00111000,2勝以上,1,1,1,explicit/experimental prize tier
2022102905,2026-0704-02-01-07-10,2025-0525-08-02-10-01,2025-05-25,00056000,初期/未勝利相当,1,0,0,explicit/experimental prize tier
2022104903,2026-0704-02-01-07-10,2025-0525-08-02-10-07,2025-05-25,00080000,1勝以上,1,1,0,explicit/experimental prize tier
2021105715,2026-0704-02-01-07-07,2025-0525-08-02-10-09,2025-05-25,00080000,1勝以上,1,1,0,explicit/experimental prize tier
2021102200,2026-0704-02-01-07-10,2025-0531-05-02-11-08,2025-05-31,00080000,1勝以上,1,1,0,explicit/experimental prize tier
2020100060,2026-0704-02-01-07-10,2025-0531-05-02-11-12,2025-05-31,00114000,2勝以上,1,1,1,explicit/experimental prize tier
2022102308,2026-0704-02-01-07-10,2025-0531-08-02-11-01,2025-05-31,00056000,初期/未勝利相当,1,0,0,explicit/experimental prize tier
2022105443,2026-0704-02-01-07-10,2025-0531-08-02-11-02,2025-05-31,00056000,初期/未勝利相当,1,0,0,explicit/experimental prize tier
2022105817,2026-0704-02-01-07-09,2025-0531-08-02-11-05,2025-05-31,00056000,初期/未勝利相当,1,0,0,explicit/experimental prize tier
2021105931,2026-0704-02-01-07-10,2025-0601-08-02-12-09,2025-06-01,00155000,2勝以上,1,1,1,explicit/experimental prize tier
2022104973,2026-0704-02-01-07-08,2025-0601-08-02-12-11,2025-06-01,00200000,L,1,1,1,explicit/experimental prize tier
2022104164,2026-0704-02-01-07-08,2025-0607-09-03-01-06,2025-06-07,00056000,初期/未勝利相当,1,0,0,explicit/experimental prize tier
2022106645,2026-0704-02-01-07-09,2025-0608-05-03-02-01,2025-06-08,00056000,初期/未勝利相当,1,0,0,explicit/experimental prize tier
2023107005,2026-0704-02-01-07-08,2025-0608-05-03-02-05,2025-06-08,00075000,1勝以上,1,1,0,explicit/experimental prize tier
2022105392,2026-0704-02-01-07-09,2025-0608-09-03-02-06,2025-06-08,00056000,初期/未勝利相当,1,0,0,explicit/experimental prize tier
2022106231,2026-0704-02-01-07-09,2025-0614-02-01-01-04,2025-06-14,00056000,初期/未勝利相当,1,0,0,explicit/experimental prize tier
2022105162,2026-0704-02-01-07-07,2025-0614-05-03-03-12,2025-06-14,00080000,1勝以上,1,1,0,explicit/experimental prize tier
2022107254,2026-0704-02-01-07-10,2025-0614-05-03-03-12,2025-06-14,00080000,1勝以上,1,1,0,explicit/experimental prize tier
2022103778,2026-0704-02-01-07-10,2025-0615-02-01-02-02,2025-06-15,00056000,初期/未勝利相当,1,0,0,explicit/experimental prize tier
2020100621,2026-0704-02-01-07-09,2025-0615-02-01-02-09,2025-06-15,00111000,2勝以上,1,1,1,explicit/experimental prize tier
2022102135,2026-0704-02-01-07-09,2025-0615-02-01-02-09,2025-06-15,00111000,2勝以上,1,1,1,explicit/experimental prize tier
2023103372,2026-0704-02-01-07-02,2025-0615-05-03-04-05,2025-06-15,00075000,1勝以上,1,1,0,explicit/experimental prize tier
2022104601,2026-0704-02-01-07-10,2025-0615-05-03-04-06,2025-06-15,00080000,1勝以上,1,1,0,explicit/experimental prize tier
2022102828,2026-0704-02-01-07-10,2025-0621-02-01-03-03,2025-06-21,00056000,初期/未勝利相当,1,0,0,explicit/experimental prize tier
2020105796,2026-0704-02-01-07-08,2025-0621-02-01-03-10,2025-06-21,00111000,2勝以上,1,1,1,explicit/experimental prize tier
2021102312,2026-0704-02-01-07-07,2025-0622-02-01-04-08,2025-06-22,00080000,1勝以上,1,1,0,explicit/experimental prize tier
2023103771,2026-0704-02-01-07-03,2025-0622-05-03-06-05,2025-06-22,00075000,1勝以上,1,1,0,explicit/experimental prize tier
2023109031,2026-0704-02-01-07-07,2025-0628-02-01-05-05,2025-06-28,00075000,1勝以上,1,1,0,explicit/experimental prize tier
2022102135,2026-0704-02-01-07-09,2025-0628-02-01-05-07,2025-06-28,00080000,1勝以上,1,1,0,explicit/experimental prize tier
2021102200,2026-0704-02-01-07-10,2025-0628-02-01-05-12,2025-06-28,00080000,1勝以上,1,1,0,explicit/experimental prize tier
2022103778,2026-0704-02-01-07-10,2025-0629-02-01-06-08,2025-06-29,00080000,1勝以上,1,1,0,explicit/experimental prize tier
2020100621,2026-0704-02-01-07-09,2025-0629-02-01-06-09,2025-06-29,00111000,2勝以上,1,1,1,explicit/experimental prize tier
2022104973,2026-0704-02-01-07-08,2025-0629-03-02-02-11,2025-06-29,00410000,G3,1,1,1,explicit/experimental prize tier
2022102828,2026-0704-02-01-07-10,2025-0705-02-01-07-06,2025-07-05,00056000,初期/未勝利相当,1,0,0,explicit/experimental prize tier
2020105796,2026-0704-02-01-07-08,2025-0705-02-01-07-07,2025-07-05,00080000,1勝以上,1,1,0,explicit/experimental prize tier
2022106231,2026-0704-02-01-07-09,2025-0705-02-01-07-09,2025-07-05,00111000,2勝以上,1,1,1,explicit/experimental prize tier
2023101046,2026-0704-02-01-07-06,2025-0705-03-02-03-04,2025-07-05,00075000,1勝以上,1,1,0,explicit/experimental prize tier
2023101910,2026-0704-02-01-07-06,2025-0705-03-02-03-04,2025-07-05,00075000,1勝以上,1,1,0,explicit/experimental prize tier
2021105931,2026-0704-02-01-07-10,2025-0705-10-02-03-10,2025-07-05,00155000,2勝以上,1,1,1,explicit/experimental prize tier
2021102200,2026-0704-02-01-07-10,2025-0706-02-01-08-08,2025-07-06,00080000,1勝以上,1,1,0,explicit/experimental prize tier
2022104164,2026-0704-02-01-07-08,2025-0706-10-02-04-04,2025-07-06,00056000,初期/未勝利相当,1,0,0,explicit/experimental prize tier
2020100621,2026-0704-02-01-07-09,2025-0712-02-01-09-09,2025-07-12,00111000,2勝以上,1,1,1,explicit/experimental prize tier
2023106148,2026-0704-02-01-07-02,2025-0712-10-02-05-05,2025-07-12,00075000,1勝以上,1,1,0,explicit/experimental prize tier
2023103065,2026-0704-02-01-07-06,2025-0713-02-01-10-05,2025-07-13,00075000,1勝以上,1,1,0,explicit/experimental prize tier
2023106912,2026-0704-02-01-07-07,2025-0713-10-02-06-06,2025-07-13,00075000,1勝以上,1,1,0,explicit/experimental prize tier
2022107254,2026-0704-02-01-07-10,2025-0719-02-01-11-07,2025-07-19,00080000,1勝以上,1,1,0,explicit/experimental prize tier
2022102828,2026-0704-02-01-07-10,2025-0719-02-01-11-08,2025-07-19,00080000,1勝以上,1,1,0,explicit/experimental prize tier
2022103778,2026-0704-02-01-07-10,2025-0719-02-01-11-08,2025-07-19,00080000,1勝以上,1,1,0,explicit/experimental prize tier
2022102135,2026-0704-02-01-07-09,2025-0719-02-01-11-09,2025-07-19,00111000,2勝以上,1,1,1,explicit/experimental prize tier
2019106416,2026-0704-02-01-07-09,2025-0719-03-02-07-06,2025-07-19,00080000,1勝以上,1,1,0,explicit/experimental prize tier
2023100610,2026-0704-02-01-07-04,2025-0719-10-02-07-05,2025-07-19,00075000,1勝以上,1,1,0,explicit/experimental prize tier
2020105796,2026-0704-02-01-07-08,2025-0720-02-01-12-08,2025-07-20,00080000,1勝以上,1,1,0,explicit/experimental prize tier
2023101046,2026-0704-02-01-07-06,2025-0720-03-02-08-04,2025-07-20,00056000,初期/未勝利相当,1,0,0,explicit/experimental prize tier
2023109031,2026-0704-02-01-07-07,2025-0726-01-01-01-01,2025-07-26,00056000,初期/未勝利相当,1,0,0,explicit/experimental prize tier
2022102905,2026-0704-02-01-07-10,2025-0726-01-01-01-03,2025-07-26,00056000,初期/未勝利相当,1,0,0,explicit/experimental prize tier
2023105555,2026-0704-02-01-07-03,2025-0726-01-01-01-05,2025-07-26,00075000,1勝以上,1,1,0,explicit/experimental prize tier
2020100621,2026-0704-02-01-07-09,2025-0726-01-01-01-08,2025-07-26,00080000,1勝以上,1,1,0,explicit/experimental prize tier
2023106285,2026-0704-02-01-07-02,2025-0726-04-02-01-02,2025-07-26,00075000,1勝以上,1,1,0,explicit/experimental prize tier
2022105392,2026-0704-02-01-07-09,2025-0727-01-01-02-01,2025-07-27,00056000,初期/未勝利相当,1,0,0,explicit/experimental prize tier
2022104164,2026-0704-02-01-07-08,2025-0727-01-01-02-04,2025-07-27,00056000,初期/未勝利相当,1,0,0,explicit/experimental prize tier
2022106645,2026-0704-02-01-07-09,2025-0802-01-01-03-04,2025-08-02,00056000,初期/未勝利相当,1,0,0,explicit/experimental prize tier
2023104933,2026-0704-02-01-07-04,2025-0802-01-01-03-05,2025-08-02,00075000,1勝以上,1,1,0,explicit/experimental prize tier
2023103065,2026-0704-02-01-07-06,2025-0803-01-01-04-01,2025-08-03,00056000,初期/未勝利相当,1,0,0,explicit/experimental prize tier
2020105796,2026-0704-02-01-07-08,2025-0803-01-01-04-12,2025-08-03,00111000,2勝以上,1,1,1,explicit/experimental prize tier
2023103351,2026-0704-02-01-07-09,2025-0809-01-01-05-05,2025-08-09,00075000,1勝以上,1,1,0,explicit/experimental prize tier
2022107254,2026-0704-02-01-07-10,2025-0809-01-01-05-08,2025-08-09,00080000,1勝以上,1,1,0,explicit/experimental prize tier
2022102308,2026-0704-02-01-07-10,2025-0809-07-03-05-02,2025-08-09,00056000,初期/未勝利相当,1,0,0,explicit/experimental prize tier
2023100610,2026-0704-02-01-07-04,2025-0809-07-03-05-03,2025-08-09,00056000,初期/未勝利相当,1,0,0,explicit/experimental prize tier
2023103333,2026-0704-02-01-07-02,2025-0809-07-03-05-04,2025-08-09,00075000,1勝以上,1,1,0,explicit/experimental prize tier
2022105443,2026-0704-02-01-07-10,2025-0809-07-03-05-10,2025-08-09,00080000,1勝以上,1,1,0,explicit/experimental prize tier
2022104164,2026-0704-02-01-07-08,2025-0810-01-01-06-03,2025-08-10,00056000,初期/未勝利相当,1,0,0,explicit/experimental prize tier
2022105817,2026-0704-02-01-07-09,2025-0810-01-01-06-03,2025-08-10,00056000,初期/未勝利相当,1,0,0,explicit/experimental prize tier
2021102312,2026-0704-02-01-07-07,2025-0810-01-01-06-07,2025-08-10,00080000,1勝以上,1,1,0,explicit/experimental prize tier
2022102828,2026-0704-02-01-07-10,2025-0810-01-01-06-08,2025-08-10,00080000,1勝以上,1,1,0,explicit/experimental prize tier
2020100621,2026-0704-02-01-07-09,2025-0810-01-01-06-09,2025-08-10,00080000,1勝以上,1,1,0,explicit/experimental prize tier
2022103778,2026-0704-02-01-07-10,2025-0810-01-01-06-12,2025-08-10,00155000,2勝以上,1,1,1,explicit/experimental prize tier
2023101046,2026-0704-02-01-07-06,2025-0810-04-02-06-01,2025-08-10,00056000,初期/未勝利相当,1,0,0,explicit/experimental prize tier
2020105796,2026-0704-02-01-07-08,2025-0816-01-01-07-07,2025-08-16,00080000,1勝以上,1,1,0,explicit/experimental prize tier
2023106495,2026-0704-02-01-07-08,2025-0816-01-01-07-09,2025-08-16,00160000,2勝以上,1,1,1,explicit/experimental prize tier
2023105035,2026-0704-02-01-07-07,2025-0816-07-03-07-02,2025-08-16,00075000,1勝以上,1,1,0,explicit/experimental prize tier
2023109031,2026-0704-02-01-07-07,2025-0817-01-01-08-01,2025-08-17,00056000,初期/未勝利相当,1,0,0,explicit/experimental prize tier
2022102905,2026-0704-02-01-07-10,2025-0817-01-01-08-08,2025-08-17,00080000,1勝以上,1,1,0,explicit/experimental prize tier
2023106148,2026-0704-02-01-07-02,2025-0817-04-02-08-03,2025-08-17,00056000,初期/未勝利相当,1,0,0,explicit/experimental prize tier
2022106645,2026-0704-02-01-07-09,2025-0823-01-02-01-03,2025-08-23,00056000,初期/未勝利相当,1,0,0,explicit/experimental prize tier
2023105797,2026-0704-02-01-07-04,2025-0823-04-03-01-05,2025-08-23,00075000,1勝以上,1,1,0,explicit/experimental prize tier
2023103333,2026-0704-02-01-07-02,2025-0823-07-04-01-03,2025-08-23,00056000,初期/未勝利相当,1,0,0,explicit/experimental prize tier
2023105035,2026-0704-02-01-07-07,2025-0823-07-04-01-03,2025-08-23,00056000,初期/未勝利相当,1,0,0,explicit/experimental prize tier
2023103351,2026-0704-02-01-07-09,2025-0824-01-02-02-01,2025-08-24,00056000,初期/未勝利相当,1,0,0,explicit/experimental prize tier
2023104933,2026-0704-02-01-07-04,2025-0824-01-02-02-01,2025-08-24,00056000,初期/未勝利相当,1,0,0,explicit/experimental prize tier
2022107254,2026-0704-02-01-07-10,2025-0824-01-02-02-08,2025-08-24,00080000,1勝以上,1,1,0,explicit/experimental prize tier
2020100621,2026-0704-02-01-07-09,2025-0824-01-02-02-09,2025-08-24,00111000,2勝以上,1,1,1,explicit/experimental prize tier
2023101675,2026-0704-02-01-07-04,2025-0824-04-03-02-06,2025-08-24,00075000,1勝以上,1,1,0,explicit/experimental prize tier
2023102769,2026-0704-02-01-07-10,2025-0830-01-02-03-05,2025-08-30,00075000,1勝以上,1,1,0,explicit/experimental prize tier
2022104164,2026-0704-02-01-07-08,2025-0830-01-02-03-06,2025-08-30,00056000,初期/未勝利相当,1,0,0,explicit/experimental prize tier
2022105392,2026-0704-02-01-07-09,2025-0830-01-02-03-06,2025-08-30,00056000,初期/未勝利相当,1,0,0,explicit/experimental prize tier
2022105443,2026-0704-02-01-07-10,2025-0830-07-04-03-12,2025-08-30,00080000,1勝以上,1,1,0,explicit/experimental prize tier
2023109031,2026-0704-02-01-07-07,2025-0831-01-02-04-01,2025-08-31,00056000,初期/未勝利相当,1,0,0,explicit/experimental prize tier
2022105817,2026-0704-02-01-07-09,2025-0831-01-02-04-09,2025-08-31,00111000,2勝以上,1,1,1,explicit/experimental prize tier
2023104679,2026-0704-02-01-07-02,2025-0831-04-03-04-05,2025-08-31,00075000,1勝以上,1,1,0,explicit/experimental prize tier
2022102308,2026-0704-02-01-07-10,2025-0831-07-04-04-02,2025-08-31,00056000,初期/未勝利相当,1,0,0,explicit/experimental prize tier
2023106912,2026-0704-02-01-07-07,2025-0831-07-04-04-11,2025-08-31,00310000,G3,1,1,1,explicit/experimental prize tier
2023109031,2026-0704-02-01-07-07,2025-0906-01-02-05-02,2025-09-06,00056000,初期/未勝利相当,1,0,0,explicit/experimental prize tier
2022104164,2026-0704-02-01-07-08,2025-0906-01-02-05-04,2025-09-06,00056000,初期/未勝利相当,1,0,0,explicit/experimental prize tier
2022102135,2026-0704-02-01-07-09,2025-0906-06-04-01-09,2025-09-06,00111000,2勝以上,1,1,1,explicit/experimental prize tier
2021102312,2026-0704-02-01-07-07,2025-0907-01-02-06-08,2025-09-07,00080000,1勝以上,1,1,0,explicit/experimental prize tier
2022107254,2026-0704-02-01-07-10,2025-0907-01-02-06-09,2025-09-07,00155000,2勝以上,1,1,1,explicit/experimental prize tier
2023103570,2026-0704-02-01-07-03,2025-0907-06-04-02-06,2025-09-07,00075000,1勝以上,1,1,0,explicit/experimental prize tier
2023101675,2026-0704-02-01-07-04,2025-0913-06-04-03-02,2025-09-13,00056000,初期/未勝利相当,1,0,0,explicit/experimental prize tier
2023104158,2026-0704-02-01-07-06,2025-0913-09-04-03-06,2025-09-13,00075000,1勝以上,1,1,0,explicit/experimental prize tier
2023103528,2026-0704-02-01-07-07,2025-0914-06-04-04-05,2025-09-14,00075000,1勝以上,1,1,0,explicit/experimental prize tier
2019106416,2026-0704-02-01-07-09,2025-0915-06-04-05-07,2025-09-15,00080000,1勝以上,1,1,0,explicit/experimental prize tier
2023106912,2026-0704-02-01-07-07,2025-0920-06-04-06-09,2025-09-20,00160000,2勝以上,1,1,1,explicit/experimental prize tier
2022106645,2026-0704-02-01-07-09,2025-0927-06-04-08-07,2025-09-27,00080000,1勝以上,1,1,0,explicit/experimental prize tier
2022104164,2026-0704-02-01-07-08,2025-0927-09-04-08-07,2025-09-27,00080000,1勝以上,1,1,0,explicit/experimental prize tier
2023101910,2026-0704-02-01-07-06,2025-0928-06-04-09-02,2025-09-28,00056000,初期/未勝利相当,1,0,0,explicit/experimental prize tier
2023103577,2026-0704-02-01-07-06,2025-0928-06-04-09-05,2025-09-28,00075000,1勝以上,1,1,0,explicit/experimental prize tier
2022102135,2026-0704-02-01-07-09,2025-0928-06-04-09-07,2025-09-28,00080000,1勝以上,1,1,0,explicit/experimental prize tier
2020100060,2026-0704-02-01-07-10,2025-0928-06-04-09-08,2025-09-28,00114000,2勝以上,1,1,1,explicit/experimental prize tier
2023103528,2026-0704-02-01-07-07,2025-0928-06-04-09-09,2025-09-28,00111000,2勝以上,1,1,1,explicit/experimental prize tier
2023110027,2026-0704-02-01-07-02,2025-0928-09-04-09-05,2025-09-28,00075000,1勝以上,1,1,0,explicit/experimental prize tier
2022104973,2026-0704-02-01-07-08,2025-0928-09-04-09-08,2025-09-28,00080000,1勝以上,1,1,0,explicit/experimental prize tier
2023103518,2026-0704-02-01-07-04,2025-1004-05-04-01-03,2025-10-04,00075000,1勝以上,1,1,0,explicit/experimental prize tier
2021102312,2026-0704-02-01-07-07,2025-1004-08-03-01-07,2025-10-04,00080000,1勝以上,1,1,0,explicit/experimental prize tier
2023105035,2026-0704-02-01-07-07,2025-1004-08-03-01-09,2025-10-04,00111000,2勝以上,1,1,1,explicit/experimental prize tier
2023103441,2026-0704-02-01-07-06,2025-1005-08-03-02-03,2025-10-05,00075000,1勝以上,1,1,0,explicit/experimental prize tier
2023105555,2026-0704-02-01-07-03,2025-1012-05-04-04-01,2025-10-12,00056000,初期/未勝利相当,1,0,0,explicit/experimental prize tier
2023104632,2026-0704-02-01-07-03,2025-1012-05-04-04-05,2025-10-12,00075000,1勝以上,1,1,0,explicit/experimental prize tier
2022105162,2026-0704-02-01-07-07,2025-1012-05-04-04-06,2025-10-12,00080000,1勝以上,1,1,0,explicit/experimental prize tier
2023104158,2026-0704-02-01-07-06,2025-1012-08-03-04-01,2025-10-12,00056000,初期/未勝利相当,1,0,0,explicit/experimental prize tier
2023106476,2026-0704-02-01-07-02,2025-1013-05-04-05-05,2025-10-13,00075000,1勝以上,1,1,0,explicit/experimental prize tier
2023110027,2026-0704-02-01-07-02,2025-1013-08-03-05-03,2025-10-13,00056000,初期/未勝利相当,1,0,0,explicit/experimental prize tier
2020105796,2026-0704-02-01-07-08,2025-1018-04-04-01-09,2025-10-18,00111000,2勝以上,1,1,1,explicit/experimental prize tier
2022106645,2026-0704-02-01-07-09,2025-1018-04-04-01-09,2025-10-18,00111000,2勝以上,1,1,1,explicit/experimental prize tier
2023106965,2026-0704-02-01-07-04,2025-1018-05-04-06-04,2025-10-18,00075000,1勝以上,1,1,0,explicit/experimental prize tier
2022104164,2026-0704-02-01-07-08,2025-1018-08-03-06-07,2025-10-18,00080000,1勝以上,1,1,0,explicit/experimental prize tier
2021105715,2026-0704-02-01-07-07,2025-1018-08-03-06-12,2025-10-18,00080000,1勝以上,1,1,0,explicit/experimental prize tier
2023106454,2026-0704-02-01-07-02,2025-1019-04-04-02-05,2025-10-19,00075000,1勝以上,1,1,0,explicit/experimental prize tier
2021105715,2026-0704-02-01-07-07,2025-1025-04-04-03-07,2025-10-25,00080000,1勝以上,1,1,0,explicit/experimental prize tier
2021102312,2026-0704-02-01-07-07,2025-1025-04-04-03-12,2025-10-25,00080000,1勝以上,1,1,0,explicit/experimental prize tier
2023102769,2026-0704-02-01-07-10,2025-1025-05-04-08-01,2025-10-25,00056000,初期/未勝利相当,1,0,0,explicit/experimental prize tier
2023106285,2026-0704-02-01-07-02,2025-1025-05-04-08-02,2025-10-25,00056000,初期/未勝利相当,1,0,0,explicit/experimental prize tier
2023103668,2026-0704-02-01-07-04,2025-1025-05-04-08-04,2025-10-25,00075000,1勝以上,1,1,0,explicit/experimental prize tier
2023103612,2026-0704-02-01-07-04,2025-1025-08-03-08-06,2025-10-25,00075000,1勝以上,1,1,0,explicit/experimental prize tier
2023103570,2026-0704-02-01-07-03,2025-1026-04-04-04-01,2025-10-26,00056000,初期/未勝利相当,1,0,0,explicit/experimental prize tier
2023103771,2026-0704-02-01-07-03,2025-1026-04-04-04-01,2025-10-26,00056000,初期/未勝利相当,1,0,0,explicit/experimental prize tier
2023104632,2026-0704-02-01-07-03,2025-1026-05-04-09-02,2025-10-26,00056000,初期/未勝利相当,1,0,0,explicit/experimental prize tier
2023104156,2026-0704-02-01-07-08,2025-1026-05-04-09-05,2025-10-26,00075000,1勝以上,1,1,0,explicit/experimental prize tier
2021103809,2026-0704-02-01-07-10,2025-1026-05-04-09-09,2025-10-26,00155000,2勝以上,1,1,1,explicit/experimental prize tier
2023101756,2026-0704-02-01-07-06,2025-1026-08-03-09-04,2025-10-26,00075000,1勝以上,1,1,0,explicit/experimental prize tier
2023110027,2026-0704-02-01-07-02,2025-1101-08-03-10-01,2025-11-01,00056000,初期/未勝利相当,1,0,0,explicit/experimental prize tier
2023105035,2026-0704-02-01-07-07,2025-1101-08-03-10-11,2025-11-01,00290000,G3,1,1,1,explicit/experimental prize tier
2023106476,2026-0704-02-01-07-02,2025-1102-05-04-11-03,2025-11-02,00056000,初期/未勝利相当,1,0,0,explicit/experimental prize tier
2023103570,2026-0704-02-01-07-03,2025-1108-03-03-01-01,2025-11-08,00056000,初期/未勝利相当,1,0,0,explicit/experimental prize tier
2023104156,2026-0704-02-01-07-08,2025-1108-05-05-01-03,2025-11-08,00056000,初期/未勝利相当,1,0,0,explicit/experimental prize tier
2023104669,2026-0704-02-01-07-04,2025-1108-08-04-01-06,2025-11-08,00075000,1勝以上,1,1,0,explicit/experimental prize tier
2022104164,2026-0704-02-01-07-08,2025-1108-08-04-01-12,2025-11-08,00080000,1勝以上,1,1,0,explicit/experimental prize tier
2023109031,2026-0704-02-01-07-07,2025-1109-03-03-02-02,2025-11-09,00056000,初期/未勝利相当,1,0,0,explicit/experimental prize tier
2020105796,2026-0704-02-01-07-08,2025-1109-03-03-02-08,2025-11-09,00080000,1勝以上,1,1,0,explicit/experimental prize tier
2022107254,2026-0704-02-01-07-10,2025-1109-03-03-02-10,2025-11-09,00155000,2勝以上,1,1,1,explicit/experimental prize tier
2023104933,2026-0704-02-01-07-04,2025-1115-03-03-03-03,2025-11-15,00056000,初期/未勝利相当,1,0,0,explicit/experimental prize tier
2022102135,2026-0704-02-01-07-09,2025-1115-03-03-03-09,2025-11-15,00111000,2勝以上,1,1,1,explicit/experimental prize tier
2022106231,2026-0704-02-01-07-09,2025-1115-03-03-03-09,2025-11-15,00111000,2勝以上,1,1,1,explicit/experimental prize tier
2021102200,2026-0704-02-01-07-10,2025-1115-03-03-03-10,2025-11-15,00155000,2勝以上,1,1,1,explicit/experimental prize tier
2021105931,2026-0704-02-01-07-10,2025-1115-03-03-03-10,2025-11-15,00155000,2勝以上,1,1,1,explicit/experimental prize tier
2022102828,2026-0704-02-01-07-10,2025-1115-03-03-03-10,2025-11-15,00155000,2勝以上,1,1,1,explicit/experimental prize tier
2022103778,2026-0704-02-01-07-10,2025-1115-03-03-03-10,2025-11-15,00155000,2勝以上,1,1,1,explicit/experimental prize tier
2023103668,2026-0704-02-01-07-04,2025-1115-05-05-03-03,2025-11-15,00056000,初期/未勝利相当,1,0,0,explicit/experimental prize tier
2023101756,2026-0704-02-01-07-06,2025-1115-08-04-03-03,2025-11-15,00056000,初期/未勝利相当,1,0,0,explicit/experimental prize tier
2023105199,2026-0704-02-01-07-07,2025-1115-08-04-03-05,2025-11-15,00075000,1勝以上,1,1,0,explicit/experimental prize tier
2022102308,2026-0704-02-01-07-10,2025-1115-08-04-03-08,2025-11-15,00114000,2勝以上,1,1,1,explicit/experimental prize tier
2022105443,2026-0704-02-01-07-10,2025-1116-03-03-04-03,2025-11-16,00080000,1勝以上,1,1,0,explicit/experimental prize tier
2023103528,2026-0704-02-01-07-07,2025-1116-05-05-04-03,2025-11-16,00056000,初期/未勝利相当,1,0,0,explicit/experimental prize tier
2023109031,2026-0704-02-01-07-07,2025-1116-05-05-04-03,2025-11-16,00056000,初期/未勝利相当,1,0,0,explicit/experimental prize tier
2023101598,2026-0704-02-01-07-02,2025-1116-05-05-04-05,2025-11-16,00075000,1勝以上,1,1,0,explicit/experimental prize tier
2023103771,2026-0704-02-01-07-03,2025-1122-03-03-05-01,2025-11-22,00056000,初期/未勝利相当,1,0,0,explicit/experimental prize tier
2023105555,2026-0704-02-01-07-03,2025-1122-03-03-05-01,2025-11-22,00056000,初期/未勝利相当,1,0,0,explicit/experimental prize tier
2023103351,2026-0704-02-01-07-09,2025-1122-03-03-05-07,2025-11-22,00056000,初期/未勝利相当,1,0,0,explicit/experimental prize tier
2023106476,2026-0704-02-01-07-02,2025-1122-03-03-05-07,2025-11-22,00056000,初期/未勝利相当,1,0,0,explicit/experimental prize tier
2023101143,2026-0704-02-01-07-07,2025-1122-08-04-05-06,2025-11-22,00075000,1勝以上,1,1,0,explicit/experimental prize tier
2023104679,2026-0704-02-01-07-02,2025-1123-05-05-05-02,2025-11-23,00056000,初期/未勝利相当,1,0,0,explicit/experimental prize tier
2023106285,2026-0704-02-01-07-02,2025-1123-05-05-05-02,2025-11-23,00056000,初期/未勝利相当,1,0,0,explicit/experimental prize tier
2020105796,2026-0704-02-01-07-08,2025-1124-03-03-06-09,2025-11-24,00111000,2勝以上,1,1,1,explicit/experimental prize tier
2023104156,2026-0704-02-01-07-08,2025-1124-05-05-06-03,2025-11-24,00056000,初期/未勝利相当,1,0,0,explicit/experimental prize tier
2023107005,2026-0704-02-01-07-08,2025-1124-05-05-06-11,2025-11-24,00380000,G2,1,1,1,explicit/experimental prize tier
2023105608,2026-0704-02-01-07-03,2025-1129-05-05-07-04,2025-11-29,00075000,1勝以上,1,1,0,explicit/experimental prize tier
2023105268,2026-0704-02-01-07-03,2025-1129-05-05-07-05,2025-11-29,00075000,1勝以上,1,1,0,explicit/experimental prize tier
2022105817,2026-0704-02-01-07-09,2025-1129-08-04-07-07,2025-11-29,00080000,1勝以上,1,1,0,explicit/experimental prize tier
2023100937,2026-0704-02-01-07-10,2025-1130-05-05-08-05,2025-11-30,00075000,1勝以上,1,1,0,explicit/experimental prize tier
2023106438,2026-0704-02-01-07-02,2025-1130-05-05-08-06,2025-11-30,00075000,1勝以上,1,1,0,explicit/experimental prize tier
2023104933,2026-0704-02-01-07-04,2025-1130-08-04-08-02,2025-11-30,00056000,初期/未勝利相当,1,0,0,explicit/experimental prize tier
2023100997,2026-0704-02-01-07-07,2025-1130-08-04-08-03,2025-11-30,00075000,1勝以上,1,1,0,explicit/experimental prize tier
2022104903,2026-0704-02-01-07-10,2025-1130-08-04-08-07,2025-11-30,00080000,1勝以上,1,1,0,explicit/experimental prize tier
2022105443,2026-0704-02-01-07-10,2025-1130-08-04-08-07,2025-11-30,00080000,1勝以上,1,1,0,explicit/experimental prize tier
2023105035,2026-0704-02-01-07-07,2025-1130-08-04-08-09,2025-11-30,00111000,2勝以上,1,1,1,explicit/experimental prize tier
2023104679,2026-0704-02-01-07-02,2025-1206-06-05-01-02,2025-12-06,00056000,初期/未勝利相当,1,0,0,explicit/experimental prize tier
2023101598,2026-0704-02-01-07-02,2025-1206-06-05-01-04,2025-12-06,00056000,初期/未勝利相当,1,0,0,explicit/experimental prize tier
2023101873,2026-0704-02-01-07-04,2025-1206-06-05-01-05,2025-12-06,00075000,1勝以上,1,1,0,explicit/experimental prize tier
2022103778,2026-0704-02-01-07-10,2025-1206-06-05-01-10,2025-12-06,00155000,2勝以上,1,1,1,explicit/experimental prize tier
2022102308,2026-0704-02-01-07-10,2025-1206-07-05-01-03,2025-12-06,00080000,1勝以上,1,1,0,explicit/experimental prize tier
2023103065,2026-0704-02-01-07-06,2025-1206-07-05-01-04,2025-12-06,00056000,初期/未勝利相当,1,0,0,explicit/experimental prize tier
2023105797,2026-0704-02-01-07-04,2025-1206-07-05-01-04,2025-12-06,00056000,初期/未勝利相当,1,0,0,explicit/experimental prize tier
2023101756,2026-0704-02-01-07-06,2025-1206-09-05-01-02,2025-12-06,00056000,初期/未勝利相当,1,0,0,explicit/experimental prize tier
2023103333,2026-0704-02-01-07-02,2025-1206-09-05-01-03,2025-12-06,00056000,初期/未勝利相当,1,0,0,explicit/experimental prize tier
2023103577,2026-0704-02-01-07-06,2025-1207-06-05-02-02,2025-12-07,00056000,初期/未勝利相当,1,0,0,explicit/experimental prize tier
2022104601,2026-0704-02-01-07-10,2025-1207-06-05-02-12,2025-12-07,00080000,1勝以上,1,1,0,explicit/experimental prize tier
2021105931,2026-0704-02-01-07-10,2025-1207-09-05-02-09,2025-12-07,00155000,2勝以上,1,1,1,explicit/experimental prize tier
2023106965,2026-0704-02-01-07-04,2025-1213-06-05-03-01,2025-12-13,00056000,初期/未勝利相当,1,0,0,explicit/experimental prize tier
2023101046,2026-0704-02-01-07-06,2025-1213-06-05-03-03,2025-12-13,00056000,初期/未勝利相当,1,0,0,explicit/experimental prize tier
2020100060,2026-0704-02-01-07-10,2025-1213-06-05-03-08,2025-12-13,00114000,2勝以上,1,1,1,explicit/experimental prize tier
2023103475,2026-0704-02-01-07-06,2025-1213-09-05-03-05,2025-12-13,00075000,1勝以上,1,1,0,explicit/experimental prize tier
2022104903,2026-0704-02-01-07-10,2025-1213-09-05-03-08,2025-12-13,00080000,1勝以上,1,1,0,explicit/experimental prize tier
2023103518,2026-0704-02-01-07-04,2025-1214-06-05-04-02,2025-12-14,00056000,初期/未勝利相当,1,0,0,explicit/experimental prize tier
2023103528,2026-0704-02-01-07-07,2025-1214-06-05-04-02,2025-12-14,00056000,初期/未勝利相当,1,0,0,explicit/experimental prize tier
2023102769,2026-0704-02-01-07-10,2025-1214-06-05-04-07,2025-12-14,00080000,1勝以上,1,1,0,explicit/experimental prize tier
2023103351,2026-0704-02-01-07-09,2025-1214-07-05-04-04,2025-12-14,00056000,初期/未勝利相当,1,0,0,explicit/experimental prize tier
2021102312,2026-0704-02-01-07-07,2025-1214-07-05-04-12,2025-12-14,00080000,1勝以上,1,1,0,explicit/experimental prize tier
2023106148,2026-0704-02-01-07-02,2025-1214-09-05-04-03,2025-12-14,00056000,初期/未勝利相当,1,0,0,explicit/experimental prize tier
2023103771,2026-0704-02-01-07-03,2025-1220-06-05-05-02,2025-12-20,00056000,初期/未勝利相当,1,0,0,explicit/experimental prize tier
2023104632,2026-0704-02-01-07-03,2025-1220-06-05-05-02,2025-12-20,00056000,初期/未勝利相当,1,0,0,explicit/experimental prize tier
2022105162,2026-0704-02-01-07-07,2025-1220-07-05-05-02,2025-12-20,00080000,1勝以上,1,1,0,explicit/experimental prize tier
2023106438,2026-0704-02-01-07-02,2025-1220-07-05-05-05,2025-12-20,00056000,初期/未勝利相当,1,0,0,explicit/experimental prize tier
2023100937,2026-0704-02-01-07-10,2025-1220-09-05-05-01,2025-12-20,00056000,初期/未勝利相当,1,0,0,explicit/experimental prize tier
2023105199,2026-0704-02-01-07-07,2025-1220-09-05-05-03,2025-12-20,00056000,初期/未勝利相当,1,0,0,explicit/experimental prize tier
2023106476,2026-0704-02-01-07-02,2025-1220-09-05-05-03,2025-12-20,00056000,初期/未勝利相当,1,0,0,explicit/experimental prize tier
2023102669,2026-0704-02-01-07-02,2025-1220-09-05-05-05,2025-12-20,00075000,1勝以上,1,1,0,explicit/experimental prize tier
2023101910,2026-0704-02-01-07-06,2025-1221-06-05-06-07,2025-12-21,00056000,初期/未勝利相当,1,0,0,explicit/experimental prize tier
2023101598,2026-0704-02-01-07-02,2025-1221-07-05-06-01,2025-12-21,00056000,初期/未勝利相当,1,0,0,explicit/experimental prize tier
2023103577,2026-0704-02-01-07-06,2025-1221-07-05-06-01,2025-12-21,00056000,初期/未勝利相当,1,0,0,explicit/experimental prize tier
2020100060,2026-0704-02-01-07-10,2025-1221-09-05-06-08,2025-12-21,00114000,2勝以上,1,1,1,explicit/experimental prize tier
2022102828,2026-0704-02-01-07-10,2025-1221-09-05-06-08,2025-12-21,00114000,2勝以上,1,1,1,explicit/experimental prize tier
2023102332,2026-0704-02-01-07-04,2025-1227-06-05-07-05,2025-12-27,00075000,1勝以上,1,1,0,explicit/experimental prize tier
2023104713,2026-0704-02-01-07-02,2025-1227-06-05-07-05,2025-12-27,00075000,1勝以上,1,1,0,explicit/experimental prize tier
2020100621,2026-0704-02-01-07-09,2025-1227-06-05-07-07,2025-12-27,00080000,1勝以上,1,1,0,explicit/experimental prize tier
2023103668,2026-0704-02-01-07-04,2025-1227-09-05-07-04,2025-12-27,00056000,初期/未勝利相当,1,0,0,explicit/experimental prize tier
2023110027,2026-0704-02-01-07-02,2025-1227-09-05-07-04,2025-12-27,00056000,初期/未勝利相当,1,0,0,explicit/experimental prize tier
2023103528,2026-0704-02-01-07-07,2025-1228-06-05-08-03,2025-12-28,00056000,初期/未勝利相当,1,0,0,explicit/experimental prize tier
2023106454,2026-0704-02-01-07-02,2025-1228-06-05-08-03,2025-12-28,00056000,初期/未勝利相当,1,0,0,explicit/experimental prize tier
2022107254,2026-0704-02-01-07-10,2025-1228-06-05-08-08,2025-12-28,00155000,2勝以上,1,1,1,explicit/experimental prize tier
2023101873,2026-0704-02-01-07-04,2025-1228-09-05-08-02,2025-12-28,00056000,初期/未勝利相当,1,0,0,explicit/experimental prize tier
2023104669,2026-0704-02-01-07-04,2025-1228-09-05-08-02,2025-12-28,00056000,初期/未勝利相当,1,0,0,explicit/experimental prize tier
2023101796,2026-0704-02-01-07-03,2025-1228-09-05-08-04,2025-12-28,00075000,1勝以上,1,1,0,explicit/experimental prize tier
2023101675,2026-0704-02-01-07-04,2026-0104-06-01-01-05,2026-01-04,00059000,初期/未勝利相当,1,0,0,explicit/experimental prize tier
2022104601,2026-0704-02-01-07-10,2026-0104-06-01-01-07,2026-01-04,00082000,1勝以上,1,1,0,explicit/experimental prize tier
2023103612,2026-0704-02-01-07-04,2026-0104-08-01-01-01,2026-01-04,00059000,初期/未勝利相当,1,0,0,explicit/experimental prize tier
2023102178,2026-0704-02-01-07-09,2026-0104-08-01-01-05,2026-01-04,00065000,初期/未勝利相当,1,0,0,explicit/experimental prize tier
2021103809,2026-0704-02-01-07-10,2026-0104-08-01-01-09,2026-01-04,00158000,2勝以上,1,1,1,explicit/experimental prize tier
2023103570,2026-0704-02-01-07-03,2026-0105-06-01-02-02,2026-01-05,00059000,初期/未勝利相当,1,0,0,explicit/experimental prize tier
2023105555,2026-0704-02-01-07-03,2026-0105-06-01-02-02,2026-01-05,00059000,初期/未勝利相当,1,0,0,explicit/experimental prize tier
2023101088,2026-0704-02-01-07-06,2026-0105-06-01-02-05,2026-01-05,00065000,初期/未勝利相当,1,0,0,explicit/experimental prize tier
2023110027,2026-0704-02-01-07-02,2026-0105-08-01-02-05,2026-01-05,00059000,初期/未勝利相当,1,0,0,explicit/experimental prize tier
2021102200,2026-0704-02-01-07-10,2026-0110-06-01-03-08,2026-01-10,00119000,2勝以上,1,1,1,explicit/experimental prize tier
2023101046,2026-0704-02-01-07-06,2026-0111-06-01-04-02,2026-01-11,00059000,初期/未勝利相当,1,0,0,explicit/experimental prize tier
2023104156,2026-0704-02-01-07-08,2026-0111-06-01-04-06,2026-01-11,00059000,初期/未勝利相当,1,0,0,explicit/experimental prize tier
2023100609,2026-0704-02-01-07-03,2026-0111-08-01-04-02,2026-01-11,00065000,初期/未勝利相当,1,0,0,explicit/experimental prize tier
2023102669,2026-0704-02-01-07-02,2026-0111-08-01-04-12,2026-01-11,00059000,初期/未勝利相当,1,0,0,explicit/experimental prize tier
2023104632,2026-0704-02-01-07-03,2026-0112-06-01-05-02,2026-01-12,00059000,初期/未勝利相当,1,0,0,explicit/experimental prize tier
2023103577,2026-0704-02-01-07-06,2026-0112-06-01-05-03,2026-01-12,00059000,初期/未勝利相当,1,0,0,explicit/experimental prize tier
2023105320,2026-0704-02-01-07-06,2026-0112-08-01-05-04,2026-01-12,00065000,初期/未勝利相当,1,0,0,explicit/experimental prize tier
2022104903,2026-0704-02-01-07-10,2026-0112-08-01-05-07,2026-01-12,00082000,1勝以上,1,1,0,explicit/experimental prize tier
2023101046,2026-0704-02-01-07-06,2026-0117-06-01-06-02,2026-01-17,00059000,初期/未勝利相当,1,0,0,explicit/experimental prize tier
2023101910,2026-0704-02-01-07-06,2026-0118-06-01-07-01,2026-01-18,00059000,初期/未勝利相当,1,0,0,explicit/experimental prize tier
2023106291,2026-0704-02-01-07-04,2026-0118-06-01-07-05,2026-01-18,00065000,初期/未勝利相当,1,0,0,explicit/experimental prize tier
2023102332,2026-0704-02-01-07-04,2026-0118-06-01-07-12,2026-01-18,00059000,初期/未勝利相当,1,0,0,explicit/experimental prize tier
2022104164,2026-0704-02-01-07-08,2026-0118-08-01-07-08,2026-01-18,00082000,1勝以上,1,1,0,explicit/experimental prize tier
2022102828,2026-0704-02-01-07-10,2026-0118-08-01-07-10,2026-01-18,00158000,2勝以上,1,1,1,explicit/experimental prize tier
2023104669,2026-0704-02-01-07-04,2026-0124-08-01-08-02,2026-01-24,00059000,初期/未勝利相当,1,0,0,explicit/experimental prize tier
2023101091,2026-0704-02-01-07-06,2026-0124-08-01-08-03,2026-01-24,00065000,初期/未勝利相当,1,0,0,explicit/experimental prize tier
2023103351,2026-0704-02-01-07-09,2026-0124-08-01-08-09,2026-01-24,00210000,L,1,1,1,explicit/experimental prize tier
2023106148,2026-0704-02-01-07-02,2026-0124-10-01-01-02,2026-01-24,00059000,初期/未勝利相当,1,0,0,explicit/experimental prize tier
2020105796,2026-0704-02-01-07-08,2026-0124-10-01-01-07,2026-01-24,00082000,1勝以上,1,1,0,explicit/experimental prize tier
2023106912,2026-0704-02-01-07-07,2026-0124-10-01-01-09,2026-01-24,00114000,2勝以上,1,1,1,explicit/experimental prize tier
2023104632,2026-0704-02-01-07-03,2026-0125-06-01-09-02,2026-01-25,00059000,初期/未勝利相当,1,0,0,explicit/experimental prize tier
2023102178,2026-0704-02-01-07-09,2026-0125-06-01-09-09,2026-01-25,00114000,2勝以上,1,1,1,explicit/experimental prize tier
2023101796,2026-0704-02-01-07-03,2026-0125-08-01-09-03,2026-01-25,00059000,初期/未勝利相当,1,0,0,explicit/experimental prize tier
2023101873,2026-0704-02-01-07-04,2026-0125-08-01-09-04,2026-01-25,00059000,初期/未勝利相当,1,0,0,explicit/experimental prize tier
2021103809,2026-0704-02-01-07-10,2026-0125-08-01-09-08,2026-01-25,00119000,2勝以上,1,1,1,explicit/experimental prize tier
2023109031,2026-0704-02-01-07-07,2026-0125-10-01-02-02,2026-01-25,00059000,初期/未勝利相当,1,0,0,explicit/experimental prize tier
2022106645,2026-0704-02-01-07-09,2026-0125-10-01-02-08,2026-01-25,00082000,1勝以上,1,1,0,explicit/experimental prize tier
2021105931,2026-0704-02-01-07-10,2026-0125-10-01-02-10,2026-01-25,00158000,2勝以上,1,1,1,explicit/experimental prize tier
2022103778,2026-0704-02-01-07-10,2026-0125-10-01-02-10,2026-01-25,00158000,2勝以上,1,1,1,explicit/experimental prize tier
2020100621,2026-0704-02-01-07-09,2026-0125-10-01-02-12,2026-01-25,00082000,1勝以上,1,1,0,explicit/experimental prize tier
2023103024,2026-0704-02-01-07-03,2026-0131-05-01-01-01,2026-01-31,00059000,初期/未勝利相当,1,0,0,explicit/experimental prize tier
2022105443,2026-0704-02-01-07-10,2026-0131-10-01-03-03,2026-01-31,00082000,1勝以上,1,1,0,explicit/experimental prize tier
2023102151,2026-0704-02-01-07-04,2026-0131-10-01-03-06,2026-01-31,00059000,初期/未勝利相当,1,0,0,explicit/experimental prize tier
2023103518,2026-0704-02-01-07-04,2026-0131-10-01-03-06,2026-01-31,00059000,初期/未勝利相当,1,0,0,explicit/experimental prize tier
2023101088,2026-0704-02-01-07-06,2026-0131-10-01-03-07,2026-01-31,00059000,初期/未勝利相当,1,0,0,explicit/experimental prize tier
2022104973,2026-0704-02-01-07-08,2026-0131-10-01-03-12,2026-01-31,00082000,1勝以上,1,1,0,explicit/experimental prize tier
2022105817,2026-0704-02-01-07-09,2026-0131-10-01-03-12,2026-01-31,00082000,1勝以上,1,1,0,explicit/experimental prize tier
2023104679,2026-0704-02-01-07-02,2026-0201-05-01-02-03,2026-02-01,00059000,初期/未勝利相当,1,0,0,explicit/experimental prize tier
2023106285,2026-0704-02-01-07-02,2026-0201-05-01-02-03,2026-02-01,00059000,初期/未勝利相当,1,0,0,explicit/experimental prize tier
2023100609,2026-0704-02-01-07-03,2026-0201-08-02-02-01,2026-02-01,00059000,初期/未勝利相当,1,0,0,explicit/experimental prize tier
2023103612,2026-0704-02-01-07-04,2026-0201-08-02-02-02,2026-02-01,00059000,初期/未勝利相当,1,0,0,explicit/experimental prize tier
2023100997,2026-0704-02-01-07-07,2026-0201-10-01-04-02,2026-02-01,00059000,初期/未勝利相当,1,0,0,explicit/experimental prize tier
2023102402,2026-0704-02-01-07-04,2026-0201-10-01-04-05,2026-02-01,00065000,初期/未勝利相当,1,0,0,explicit/experimental prize tier
2023106438,2026-0704-02-01-07-02,2026-0201-10-01-04-06,2026-02-01,00059000,初期/未勝利相当,1,0,0,explicit/experimental prize tier
2022106231,2026-0704-02-01-07-09,2026-0201-10-01-04-08,2026-02-01,00082000,1勝以上,1,1,0,explicit/experimental prize tier
2020105796,2026-0704-02-01-07-08,2026-0201-10-01-04-09,2026-02-01,00114000,2勝以上,1,1,1,explicit/experimental prize tier
2023101046,2026-0704-02-01-07-06,2026-0207-05-01-03-01,2026-02-07,00059000,初期/未勝利相当,1,0,0,explicit/experimental prize tier
2023105608,2026-0704-02-01-07-03,2026-0207-05-01-03-01,2026-02-07,00059000,初期/未勝利相当,1,0,0,explicit/experimental prize tier
2023101910,2026-0704-02-01-07-06,2026-0207-05-01-03-02,2026-02-07,00059000,初期/未勝利相当,1,0,0,explicit/experimental prize tier
2021102200,2026-0704-02-01-07-10,2026-0207-05-01-03-08,2026-02-07,00119000,2勝以上,1,1,1,explicit/experimental prize tier
2023105035,2026-0704-02-01-07-07,2026-0207-05-01-03-09,2026-02-07,00114000,2勝以上,1,1,1,explicit/experimental prize tier
2023104679,2026-0704-02-01-07-02,2026-0207-08-02-03-01,2026-02-07,00059000,初期/未勝利相当,1,0,0,explicit/experimental prize tier
2023101796,2026-0704-02-01-07-03,2026-0207-08-02-03-03,2026-02-07,00059000,初期/未勝利相当,1,0,0,explicit/experimental prize tier
2023104669,2026-0704-02-01-07-04,2026-0207-08-02-03-03,2026-02-07,00059000,初期/未勝利相当,1,0,0,explicit/experimental prize tier
2023106454,2026-0704-02-01-07-02,2026-0207-10-01-05-02,2026-02-07,00059000,初期/未勝利相当,1,0,0,explicit/experimental prize tier
2022105817,2026-0704-02-01-07-09,2026-0207-10-01-05-07,2026-02-07,00082000,1勝以上,1,1,0,explicit/experimental prize tier
2020100621,2026-0704-02-01-07-09,2026-0207-10-01-05-09,2026-02-07,00114000,2勝以上,1,1,1,explicit/experimental prize tier
2023106726,2026-0704-02-01-07-06,2026-0208-05-01-04-04,2026-02-08,00065000,初期/未勝利相当,1,0,0,explicit/experimental prize tier
2023103065,2026-0704-02-01-07-06,2026-0208-08-02-04-03,2026-02-08,00059000,初期/未勝利相当,1,0,0,explicit/experimental prize tier
2023101938,2026-0704-02-01-07-02,2026-0208-08-02-04-05,2026-02-08,00065000,初期/未勝利相当,1,0,0,explicit/experimental prize tier
2022104164,2026-0704-02-01-07-08,2026-0208-10-01-06-08,2026-02-08,00082000,1勝以上,1,1,0,explicit/experimental prize tier
2022105392,2026-0704-02-01-07-09,2026-0208-10-01-06-08,2026-02-08,00082000,1勝以上,1,1,0,explicit/experimental prize tier
2022106645,2026-0704-02-01-07-09,2026-0208-10-01-06-08,2026-02-08,00082000,1勝以上,1,1,0,explicit/experimental prize tier
2023106912,2026-0704-02-01-07-07,2026-0208-10-01-06-09,2026-02-08,00114000,2勝以上,1,1,1,explicit/experimental prize tier
2021105931,2026-0704-02-01-07-10,2026-0208-10-01-06-10,2026-02-08,00158000,2勝以上,1,1,1,explicit/experimental prize tier
2022102905,2026-0704-02-01-07-10,2026-0208-10-01-06-10,2026-02-08,00158000,2勝以上,1,1,1,explicit/experimental prize tier
2022103778,2026-0704-02-01-07-10,2026-0208-10-01-06-10,2026-02-08,00158000,2勝以上,1,1,1,explicit/experimental prize tier
2023103065,2026-0704-02-01-07-06,2026-0209-08-02-04-03,2026-02-09,00059000,初期/未勝利相当,1,0,0,explicit/experimental prize tier
2023101938,2026-0704-02-01-07-02,2026-0209-08-02-04-05,2026-02-09,00065000,初期/未勝利相当,1,0,0,explicit/experimental prize tier
2023106726,2026-0704-02-01-07-06,2026-0210-05-01-04-04,2026-02-10,00065000,初期/未勝利相当,1,0,0,explicit/experimental prize tier
2023103065,2026-0704-02-01-07-06,2026-0210-08-02-04-03,2026-02-10,00059000,初期/未勝利相当,1,0,0,explicit/experimental prize tier
2023101938,2026-0704-02-01-07-02,2026-0210-08-02-04-05,2026-02-10,00065000,初期/未勝利相当,1,0,0,explicit/experimental prize tier
2023105035,2026-0704-02-01-07-07,2026-0214-08-02-05-09,2026-02-14,00114000,2勝以上,1,1,1,explicit/experimental prize tier
2023103570,2026-0704-02-01-07-03,2026-0214-10-01-07-01,2026-02-14,00059000,初期/未勝利相当,1,0,0,explicit/experimental prize tier
2023106438,2026-0704-02-01-07-02,2026-0214-10-01-07-05,2026-02-14,00059000,初期/未勝利相当,1,0,0,explicit/experimental prize tier
2023103351,2026-0704-02-01-07-09,2026-0214-10-01-07-09,2026-02-14,00114000,2勝以上,1,1,1,explicit/experimental prize tier
2023104347,2026-0704-02-01-07-03,2026-0215-05-01-06-03,2026-02-15,00065000,初期/未勝利相当,1,0,0,explicit/experimental prize tier
2023100637,2026-0704-02-01-07-06,2026-0215-05-01-06-05,2026-02-15,00059000,初期/未勝利相当,1,0,0,explicit/experimental prize tier
2023101812,2026-0704-02-01-07-02,2026-0215-05-01-06-05,2026-02-15,00059000,初期/未勝利相当,1,0,0,explicit/experimental prize tier
2023101857,2026-0704-02-01-07-06,2026-0215-05-01-06-05,2026-02-15,00059000,初期/未勝利相当,1,0,0,explicit/experimental prize tier
2021102200,2026-0704-02-01-07-10,2026-0215-05-01-06-08,2026-02-15,00119000,2勝以上,1,1,1,explicit/experimental prize tier
2022102308,2026-0704-02-01-07-10,2026-0215-08-02-06-07,2026-02-15,00082000,1勝以上,1,1,0,explicit/experimental prize tier
2020105796,2026-0704-02-01-07-08,2026-0215-10-01-08-07,2026-02-15,00082000,1勝以上,1,1,0,explicit/experimental prize tier
2023101143,2026-0704-02-01-07-07,2026-0221-09-01-01-01,2026-02-21,00059000,初期/未勝利相当,1,0,0,explicit/experimental prize tier
2023104158,2026-0704-02-01-07-06,2026-0221-09-01-01-01,2026-02-21,00059000,初期/未勝利相当,1,0,0,explicit/experimental prize tier
2023102402,2026-0704-02-01-07-04,2026-0221-10-01-09-02,2026-02-21,00059000,初期/未勝利相当,1,0,0,explicit/experimental prize tier
2023109031,2026-0704-02-01-07-07,2026-0221-10-01-09-03,2026-02-21,00059000,初期/未勝利相当,1,0,0,explicit/experimental prize tier
2023100997,2026-0704-02-01-07-07,2026-0221-10-01-09-09,2026-02-21,00114000,2勝以上,1,1,1,explicit/experimental prize tier
2023100609,2026-0704-02-01-07-03,2026-0222-09-01-02-01,2026-02-22,00059000,初期/未勝利相当,1,0,0,explicit/experimental prize tier
2023101796,2026-0704-02-01-07-03,2026-0222-09-01-02-01,2026-02-22,00059000,初期/未勝利相当,1,0,0,explicit/experimental prize tier
2023105199,2026-0704-02-01-07-07,2026-0222-10-01-10-02,2026-02-22,00059000,初期/未勝利相当,1,0,0,explicit/experimental prize tier
2023101938,2026-0704-02-01-07-02,2026-0222-10-01-10-06,2026-02-22,00059000,初期/未勝利相当,1,0,0,explicit/experimental prize tier
2022104973,2026-0704-02-01-07-08,2026-0222-10-01-10-08,2026-02-22,00082000,1勝以上,1,1,0,explicit/experimental prize tier
2020100621,2026-0704-02-01-07-09,2026-0222-10-01-10-09,2026-02-22,00114000,2勝以上,1,1,1,explicit/experimental prize tier
2022102135,2026-0704-02-01-07-09,2026-0222-10-01-10-09,2026-02-22,00114000,2勝以上,1,1,1,explicit/experimental prize tier
2022106231,2026-0704-02-01-07-09,2026-0222-10-01-10-09,2026-02-22,00114000,2勝以上,1,1,1,explicit/experimental prize tier
2022103778,2026-0704-02-01-07-10,2026-0222-10-01-10-10,2026-02-22,00158000,2勝以上,1,1,1,explicit/experimental prize tier
2022105162,2026-0704-02-01-07-07,2026-0228-06-02-01-08,2026-02-28,00119000,2勝以上,1,1,1,explicit/experimental prize tier
2023104156,2026-0704-02-01-07-08,2026-0228-06-02-01-09,2026-02-28,00114000,2勝以上,1,1,1,explicit/experimental prize tier
2023102151,2026-0704-02-01-07-04,2026-0228-10-01-11-02,2026-02-28,00059000,初期/未勝利相当,1,0,0,explicit/experimental prize tier
2023103668,2026-0704-02-01-07-04,2026-0228-10-01-11-02,2026-02-28,00059000,初期/未勝利相当,1,0,0,explicit/experimental prize tier
2023106438,2026-0704-02-01-07-02,2026-0228-10-01-11-06,2026-02-28,00059000,初期/未勝利相当,1,0,0,explicit/experimental prize tier
2022105817,2026-0704-02-01-07-09,2026-0228-10-01-11-08,2026-02-28,00082000,1勝以上,1,1,0,explicit/experimental prize tier
2020105796,2026-0704-02-01-07-08,2026-0228-10-01-11-09,2026-02-28,00114000,2勝以上,1,1,1,explicit/experimental prize tier
2022102905,2026-0704-02-01-07-10,2026-0228-10-01-11-10,2026-02-28,00158000,2勝以上,1,1,1,explicit/experimental prize tier
2023106454,2026-0704-02-01-07-02,2026-0301-09-01-04-05,2026-03-01,00059000,初期/未勝利相当,1,0,0,explicit/experimental prize tier
2021105715,2026-0704-02-01-07-07,2026-0301-09-01-04-07,2026-03-01,00082000,1勝以上,1,1,0,explicit/experimental prize tier
2023109031,2026-0704-02-01-07-07,2026-0301-10-01-12-02,2026-03-01,00059000,初期/未勝利相当,1,0,0,explicit/experimental prize tier
2023104216,2026-0704-02-01-07-02,2026-0301-10-01-12-06,2026-03-01,00059000,初期/未勝利相当,1,0,0,explicit/experimental prize tier
2023106476,2026-0704-02-01-07-02,2026-0301-10-01-12-06,2026-03-01,00059000,初期/未勝利相当,1,0,0,explicit/experimental prize tier
2020100621,2026-0704-02-01-07-09,2026-0301-10-01-12-09,2026-03-01,00114000,2勝以上,1,1,1,explicit/experimental prize tier
2022104903,2026-0704-02-01-07-10,2026-0301-10-01-12-12,2026-03-01,00082000,1勝以上,1,1,0,explicit/experimental prize tier
2022102135,2026-0704-02-01-07-09,2026-0307-06-02-03-12,2026-03-07,00082000,1勝以上,1,1,0,explicit/experimental prize tier
2023100937,2026-0704-02-01-07-10,2026-0307-09-01-05-01,2026-03-07,00059000,初期/未勝利相当,1,0,0,explicit/experimental prize tier
2023103065,2026-0704-02-01-07-06,2026-0307-09-01-05-02,2026-03-07,00059000,初期/未勝利相当,1,0,0,explicit/experimental prize tier
2023104713,2026-0704-02-01-07-02,2026-0308-06-02-04-05,2026-03-08,00059000,初期/未勝利相当,1,0,0,explicit/experimental prize tier
2021103809,2026-0704-02-01-07-10,2026-0308-09-01-06-08,2026-03-08,00119000,2勝以上,1,1,1,explicit/experimental prize tier
2023104679,2026-0704-02-01-07-02,2026-0314-06-02-05-01,2026-03-14,00059000,初期/未勝利相当,1,0,0,explicit/experimental prize tier
2023103372,2026-0704-02-01-07-02,2026-0314-06-02-05-05,2026-03-14,00059000,初期/未勝利相当,1,0,0,explicit/experimental prize tier
2023105035,2026-0704-02-01-07-07,2026-0314-06-02-05-11,2026-03-14,00210000,L,1,1,1,explicit/experimental prize tier
2023103441,2026-0704-02-01-07-06,2026-0314-07-01-01-03,2026-03-14,00059000,初期/未勝利相当,1,0,0,explicit/experimental prize tier
2022102308,2026-0704-02-01-07-10,2026-0314-09-01-07-06,2026-03-14,00082000,1勝以上,1,1,0,explicit/experimental prize tier
2023103577,2026-0704-02-01-07-06,2026-0315-06-02-06-02,2026-03-15,00059000,初期/未勝利相当,1,0,0,explicit/experimental prize tier
2023103024,2026-0704-02-01-07-03,2026-0315-06-02-06-04,2026-03-15,00059000,初期/未勝利相当,1,0,0,explicit/experimental prize tier
2023105268,2026-0704-02-01-07-03,2026-0315-06-02-06-04,2026-03-15,00059000,初期/未勝利相当,1,0,0,explicit/experimental prize tier
2023102178,2026-0704-02-01-07-09,2026-0315-06-02-06-11,2026-03-15,00540000,G2,1,1,1,explicit/experimental prize tier
2023104338,2026-0704-02-01-07-03,2026-0315-07-01-02-03,2026-03-15,00059000,初期/未勝利相当,1,0,0,explicit/experimental prize tier
2023102151,2026-0704-02-01-07-04,2026-0315-07-01-02-04,2026-03-15,00059000,初期/未勝利相当,1,0,0,explicit/experimental prize tier
2023106965,2026-0704-02-01-07-04,2026-0315-07-01-02-04,2026-03-15,00059000,初期/未勝利相当,1,0,0,explicit/experimental prize tier
2023104216,2026-0704-02-01-07-02,2026-0315-07-01-02-05,2026-03-15,00059000,初期/未勝利相当,1,0,0,explicit/experimental prize tier
2023101938,2026-0704-02-01-07-02,2026-0315-09-01-08-05,2026-03-15,00059000,初期/未勝利相当,1,0,0,explicit/experimental prize tier
2023101143,2026-0704-02-01-07-07,2026-0321-07-01-03-02,2026-03-21,00059000,初期/未勝利相当,1,0,0,explicit/experimental prize tier
2022102135,2026-0704-02-01-07-09,2026-0321-07-01-03-12,2026-03-21,00082000,1勝以上,1,1,0,explicit/experimental prize tier
2023101091,2026-0704-02-01-07-06,2026-0321-09-01-09-01,2026-03-21,00059000,初期/未勝利相当,1,0,0,explicit/experimental prize tier
2023106148,2026-0704-02-01-07-02,2026-0321-09-01-09-05,2026-03-21,00059000,初期/未勝利相当,1,0,0,explicit/experimental prize tier
2021105715,2026-0704-02-01-07-07,2026-0321-09-01-09-12,2026-03-21,00082000,1勝以上,1,1,0,explicit/experimental prize tier
2023104156,2026-0704-02-01-07-08,2026-0322-06-02-08-07,2026-03-22,00082000,1勝以上,1,1,0,explicit/experimental prize tier
2023101046,2026-0704-02-01-07-06,2026-0322-07-01-04-01,2026-03-22,00059000,初期/未勝利相当,1,0,0,explicit/experimental prize tier
2023101756,2026-0704-02-01-07-06,2026-0322-07-01-04-02,2026-03-22,00059000,初期/未勝利相当,1,0,0,explicit/experimental prize tier
2023103475,2026-0704-02-01-07-06,2026-0322-07-01-04-04,2026-03-22,00059000,初期/未勝利相当,1,0,0,explicit/experimental prize tier
2023104933,2026-0704-02-01-07-04,2026-0322-07-01-04-05,2026-03-22,00059000,初期/未勝利相当,1,0,0,explicit/experimental prize tier
2023105537,2026-0704-02-01-07-02,2026-0322-07-01-04-05,2026-03-22,00059000,初期/未勝利相当,1,0,0,explicit/experimental prize tier
2022105162,2026-0704-02-01-07-07,2026-0322-07-01-04-08,2026-03-22,00082000,1勝以上,1,1,0,explicit/experimental prize tier
2023109031,2026-0704-02-01-07-07,2026-0322-09-01-10-03,2026-03-22,00059000,初期/未勝利相当,1,0,0,explicit/experimental prize tier
2023105261,2026-0704-02-01-07-08,2026-0322-09-01-10-04,2026-03-22,00059000,初期/未勝利相当,1,0,0,explicit/experimental prize tier
2019106416,2026-0704-02-01-07-09,2026-0328-06-03-01-07,2026-03-28,00082000,1勝以上,1,1,0,explicit/experimental prize tier
2023103771,2026-0704-02-01-07-03,2026-0328-07-01-05-02,2026-03-28,00059000,初期/未勝利相当,1,0,0,explicit/experimental prize tier
2023106965,2026-0704-02-01-07-04,2026-0328-07-01-05-03,2026-03-28,00059000,初期/未勝利相当,1,0,0,explicit/experimental prize tier
2023103441,2026-0704-02-01-07-06,2026-0328-07-01-05-04,2026-03-28,00059000,初期/未勝利相当,1,0,0,explicit/experimental prize tier
2023103577,2026-0704-02-01-07-06,2026-0328-07-01-05-04,2026-03-28,00059000,初期/未勝利相当,1,0,0,explicit/experimental prize tier
2023105261,2026-0704-02-01-07-08,2026-0328-07-01-05-05,2026-03-28,00059000,初期/未勝利相当,1,0,0,explicit/experimental prize tier
2023101938,2026-0704-02-01-07-02,2026-0328-09-02-01-05,2026-03-28,00059000,初期/未勝利相当,1,0,0,explicit/experimental prize tier
2023104632,2026-0704-02-01-07-03,2026-0329-06-03-02-01,2026-03-29,00059000,初期/未勝利相当,1,0,0,explicit/experimental prize tier
2023103065,2026-0704-02-01-07-06,2026-0329-07-01-06-01,2026-03-29,00059000,初期/未勝利相当,1,0,0,explicit/experimental prize tier
2023104669,2026-0704-02-01-07-04,2026-0329-07-01-06-03,2026-03-29,00059000,初期/未勝利相当,1,0,0,explicit/experimental prize tier
2023103351,2026-0704-02-01-07-09,2026-0404-06-03-03-09,2026-04-04,00114000,2勝以上,1,1,1,explicit/experimental prize tier
2022107254,2026-0704-02-01-07-10,2026-0404-06-03-03-10,2026-04-04,00158000,2勝以上,1,1,1,explicit/experimental prize tier
2023105320,2026-0704-02-01-07-06,2026-0404-09-02-03-02,2026-04-04,00059000,初期/未勝利相当,1,0,0,explicit/experimental prize tier
2023103024,2026-0704-02-01-07-03,2026-0405-06-03-04-01,2026-04-05,00059000,初期/未勝利相当,1,0,0,explicit/experimental prize tier
2023104679,2026-0704-02-01-07-02,2026-0405-06-03-04-01,2026-04-05,00059000,初期/未勝利相当,1,0,0,explicit/experimental prize tier
2023101675,2026-0704-02-01-07-04,2026-0411-03-01-01-02,2026-04-11,00059000,初期/未勝利相当,1,0,0,explicit/experimental prize tier
2023103333,2026-0704-02-01-07-02,2026-0411-03-01-01-03,2026-04-11,00059000,初期/未勝利相当,1,0,0,explicit/experimental prize tier
2023104338,2026-0704-02-01-07-03,2026-0411-03-01-01-03,2026-04-11,00059000,初期/未勝利相当,1,0,0,explicit/experimental prize tier
2023105261,2026-0704-02-01-07-08,2026-0411-03-01-01-06,2026-04-11,00059000,初期/未勝利相当,1,0,0,explicit/experimental prize tier
2023101046,2026-0704-02-01-07-06,2026-0411-06-03-05-01,2026-04-11,00059000,初期/未勝利相当,1,0,0,explicit/experimental prize tier
2023103475,2026-0704-02-01-07-06,2026-0411-06-03-05-03,2026-04-11,00059000,初期/未勝利相当,1,0,0,explicit/experimental prize tier
2023104156,2026-0704-02-01-07-08,2026-0411-06-03-05-09,2026-04-11,00114000,2勝以上,1,1,1,explicit/experimental prize tier
2023101796,2026-0704-02-01-07-03,2026-0411-09-02-05-02,2026-04-11,00059000,初期/未勝利相当,1,0,0,explicit/experimental prize tier
2023104216,2026-0704-02-01-07-02,2026-0411-09-02-05-04,2026-04-11,00059000,初期/未勝利相当,1,0,0,explicit/experimental prize tier
2023100997,2026-0704-02-01-07-07,2026-0411-09-02-05-06,2026-04-11,00082000,1勝以上,1,1,0,explicit/experimental prize tier
2022102308,2026-0704-02-01-07-10,2026-0411-09-02-05-07,2026-04-11,00082000,1勝以上,1,1,0,explicit/experimental prize tier
2023103528,2026-0704-02-01-07-07,2026-0412-03-01-02-02,2026-04-12,00059000,初期/未勝利相当,1,0,0,explicit/experimental prize tier
2023106291,2026-0704-02-01-07-04,2026-0412-03-01-02-02,2026-04-12,00059000,初期/未勝利相当,1,0,0,explicit/experimental prize tier
2022105392,2026-0704-02-01-07-09,2026-0412-03-01-02-09,2026-04-12,00114000,2勝以上,1,1,1,explicit/experimental prize tier
2022102135,2026-0704-02-01-07-09,2026-0412-06-03-06-07,2026-04-12,00082000,1勝以上,1,1,0,explicit/experimental prize tier
2023101756,2026-0704-02-01-07-06,2026-0412-09-02-06-02,2026-04-12,00059000,初期/未勝利相当,1,0,0,explicit/experimental prize tier
2020100060,2026-0704-02-01-07-10,2026-0412-09-02-06-08,2026-04-12,00158000,2勝以上,1,1,1,explicit/experimental prize tier
2023106285,2026-0704-02-01-07-02,2026-0418-03-01-03-02,2026-04-18,00059000,初期/未勝利相当,1,0,0,explicit/experimental prize tier
2023103518,2026-0704-02-01-07-04,2026-0418-03-01-03-03,2026-04-18,00059000,初期/未勝利相当,1,0,0,explicit/experimental prize tier
2023103771,2026-0704-02-01-07-03,2026-0418-03-01-03-04,2026-04-18,00059000,初期/未勝利相当,1,0,0,explicit/experimental prize tier
2021102200,2026-0704-02-01-07-10,2026-0418-03-01-03-11,2026-04-18,00158000,2勝以上,1,1,1,explicit/experimental prize tier
2022103778,2026-0704-02-01-07-10,2026-0418-03-01-03-11,2026-04-18,00158000,2勝以上,1,1,1,explicit/experimental prize tier
2022105443,2026-0704-02-01-07-10,2026-0418-03-01-03-11,2026-04-18,00158000,2勝以上,1,1,1,explicit/experimental prize tier
2023100609,2026-0704-02-01-07-03,2026-0418-09-02-07-01,2026-04-18,00059000,初期/未勝利相当,1,0,0,explicit/experimental prize tier
2021103809,2026-0704-02-01-07-10,2026-0418-09-02-07-09,2026-04-18,00158000,2勝以上,1,1,1,explicit/experimental prize tier
2023104669,2026-0704-02-01-07-04,2026-0419-03-01-04-01,2026-04-19,00059000,初期/未勝利相当,1,0,0,explicit/experimental prize tier
2023103570,2026-0704-02-01-07-03,2026-0419-03-01-04-02,2026-04-19,00059000,初期/未勝利相当,1,0,0,explicit/experimental prize tier
2023104632,2026-0704-02-01-07-03,2026-0419-03-01-04-02,2026-04-19,00059000,初期/未勝利相当,1,0,0,explicit/experimental prize tier
2023101091,2026-0704-02-01-07-06,2026-0419-03-01-04-04,2026-04-19,00059000,初期/未勝利相当,1,0,0,explicit/experimental prize tier
2023101873,2026-0704-02-01-07-04,2026-0419-03-01-04-05,2026-04-19,00059000,初期/未勝利相当,1,0,0,explicit/experimental prize tier
2019106416,2026-0704-02-01-07-09,2026-0419-03-01-04-07,2026-04-19,00082000,1勝以上,1,1,0,explicit/experimental prize tier
2022105162,2026-0704-02-01-07-07,2026-0419-03-01-04-09,2026-04-19,00114000,2勝以上,1,1,1,explicit/experimental prize tier
2023103024,2026-0704-02-01-07-03,2026-0419-06-03-08-01,2026-04-19,00059000,初期/未勝利相当,1,0,0,explicit/experimental prize tier
2023105555,2026-0704-02-01-07-03,2026-0419-06-03-08-01,2026-04-19,00059000,初期/未勝利相当,1,0,0,explicit/experimental prize tier
2023101910,2026-0704-02-01-07-06,2026-0419-06-03-08-02,2026-04-19,00059000,初期/未勝利相当,1,0,0,explicit/experimental prize tier
2023106148,2026-0704-02-01-07-02,2026-0419-09-02-08-02,2026-04-19,00059000,初期/未勝利相当,1,0,0,explicit/experimental prize tier
2023104158,2026-0704-02-01-07-06,2026-0425-03-01-05-01,2026-04-25,00059000,初期/未勝利相当,1,0,0,explicit/experimental prize tier
2022106645,2026-0704-02-01-07-09,2026-0425-03-01-05-12,2026-04-25,00082000,1勝以上,1,1,0,explicit/experimental prize tier
2023101938,2026-0704-02-01-07-02,2026-0425-08-03-01-03,2026-04-25,00059000,初期/未勝利相当,1,0,0,explicit/experimental prize tier
2021105931,2026-0704-02-01-07-10,2026-0426-03-01-06-10,2026-04-26,00158000,2勝以上,1,1,1,explicit/experimental prize tier
2022104903,2026-0704-02-01-07-10,2026-0426-03-01-06-10,2026-04-26,00158000,2勝以上,1,1,1,explicit/experimental prize tier
2023105608,2026-0704-02-01-07-03,2026-0426-05-02-02-01,2026-04-26,00059000,初期/未勝利相当,1,0,0,explicit/experimental prize tier
2023104713,2026-0704-02-01-07-02,2026-0426-05-02-02-05,2026-04-26,00059000,初期/未勝利相当,1,0,0,explicit/experimental prize tier
2023103441,2026-0704-02-01-07-06,2026-0426-08-03-02-02,2026-04-26,00059000,初期/未勝利相当,1,0,0,explicit/experimental prize tier
2023100610,2026-0704-02-01-07-04,2026-0426-08-03-02-03,2026-04-26,00059000,初期/未勝利相当,1,0,0,explicit/experimental prize tier
2023104669,2026-0704-02-01-07-04,2026-0502-04-01-01-03,2026-05-02,00059000,初期/未勝利相当,1,0,0,explicit/experimental prize tier
2022102828,2026-0704-02-01-07-10,2026-0502-05-02-03-12,2026-05-02,00119000,2勝以上,1,1,1,explicit/experimental prize tier
2022103778,2026-0704-02-01-07-10,2026-0502-05-02-03-12,2026-05-02,00119000,2勝以上,1,1,1,explicit/experimental prize tier
2023102769,2026-0704-02-01-07-10,2026-0502-08-03-03-11,2026-05-02,00370000,G3,1,1,1,explicit/experimental prize tier
2021102312,2026-0704-02-01-07-07,2026-0503-04-01-02-07,2026-05-03,00082000,1勝以上,1,1,0,explicit/experimental prize tier
2022105162,2026-0704-02-01-07-07,2026-0503-04-01-02-07,2026-05-03,00082000,1勝以上,1,1,0,explicit/experimental prize tier
2023101046,2026-0704-02-01-07-06,2026-0503-05-02-04-01,2026-05-03,00059000,初期/未勝利相当,1,0,0,explicit/experimental prize tier
2023103475,2026-0704-02-01-07-06,2026-0503-05-02-04-01,2026-05-03,00059000,初期/未勝利相当,1,0,0,explicit/experimental prize tier
2023105555,2026-0704-02-01-07-03,2026-0503-05-02-04-01,2026-05-03,00059000,初期/未勝利相当,1,0,0,explicit/experimental prize tier
2023103668,2026-0704-02-01-07-04,2026-0503-05-02-04-04,2026-05-03,00059000,初期/未勝利相当,1,0,0,explicit/experimental prize tier
2023103372,2026-0704-02-01-07-02,2026-0503-05-02-04-05,2026-05-03,00059000,初期/未勝利相当,1,0,0,explicit/experimental prize tier
2023101091,2026-0704-02-01-07-06,2026-0503-08-03-04-01,2026-05-03,00059000,初期/未勝利相当,1,0,0,explicit/experimental prize tier
2023101756,2026-0704-02-01-07-06,2026-0509-04-01-03-02,2026-05-09,00059000,初期/未勝利相当,1,0,0,explicit/experimental prize tier
2023101873,2026-0704-02-01-07-04,2026-0509-04-01-03-05,2026-05-09,00059000,初期/未勝利相当,1,0,0,explicit/experimental prize tier
2023102332,2026-0704-02-01-07-04,2026-0509-04-01-03-05,2026-05-09,00059000,初期/未勝利相当,1,0,0,explicit/experimental prize tier
2023103528,2026-0704-02-01-07-07,2026-0509-04-01-03-09,2026-05-09,00114000,2勝以上,1,1,1,explicit/experimental prize tier
2022102135,2026-0704-02-01-07-09,2026-0509-04-01-03-10,2026-05-09,00114000,2勝以上,1,1,1,explicit/experimental prize tier
2023106148,2026-0704-02-01-07-02,2026-0509-08-03-05-04,2026-05-09,00059000,初期/未勝利相当,1,0,0,explicit/experimental prize tier
2023103570,2026-0704-02-01-07-03,2026-0510-04-01-04-01,2026-05-10,00059000,初期/未勝利相当,1,0,0,explicit/experimental prize tier
2023104632,2026-0704-02-01-07-03,2026-0510-04-01-04-01,2026-05-10,00059000,初期/未勝利相当,1,0,0,explicit/experimental prize tier
2023101938,2026-0704-02-01-07-02,2026-0510-08-03-06-04,2026-05-10,00059000,初期/未勝利相当,1,0,0,explicit/experimental prize tier
2023106438,2026-0704-02-01-07-02,2026-0516-04-01-05-05,2026-05-16,00059000,初期/未勝利相当,1,0,0,explicit/experimental prize tier
2021105715,2026-0704-02-01-07-07,2026-0516-04-01-05-07,2026-05-16,00082000,1勝以上,1,1,0,explicit/experimental prize tier
2022102905,2026-0704-02-01-07-10,2026-0516-04-01-05-10,2026-05-16,00158000,2勝以上,1,1,1,explicit/experimental prize tier
2023106285,2026-0704-02-01-07-02,2026-0516-05-02-07-04,2026-05-16,00059000,初期/未勝利相当,1,0,0,explicit/experimental prize tier
2023106291,2026-0704-02-01-07-04,2026-0516-05-02-07-05,2026-05-16,00059000,初期/未勝利相当,1,0,0,explicit/experimental prize tier
2023103441,2026-0704-02-01-07-06,2026-0516-08-03-07-02,2026-05-16,00059000,初期/未勝利相当,1,0,0,explicit/experimental prize tier
2023103612,2026-0704-02-01-07-04,2026-0516-08-03-07-03,2026-05-16,00059000,初期/未勝利相当,1,0,0,explicit/experimental prize tier
2023106454,2026-0704-02-01-07-02,2026-0517-04-01-06-05,2026-05-17,00059000,初期/未勝利相当,1,0,0,explicit/experimental prize tier
2023104679,2026-0704-02-01-07-02,2026-0517-04-01-06-06,2026-05-17,00059000,初期/未勝利相当,1,0,0,explicit/experimental prize tier
2023101812,2026-0704-02-01-07-02,2026-0517-05-02-08-04,2026-05-17,00059000,初期/未勝利相当,1,0,0,explicit/experimental prize tier
2023104713,2026-0704-02-01-07-02,2026-0517-05-02-08-04,2026-05-17,00059000,初期/未勝利相当,1,0,0,explicit/experimental prize tier
2022104973,2026-0704-02-01-07-08,2026-0517-05-02-08-08,2026-05-17,00082000,1勝以上,1,1,0,explicit/experimental prize tier
2022102828,2026-0704-02-01-07-10,2026-0517-05-02-08-10,2026-05-17,00158000,2勝以上,1,1,1,explicit/experimental prize tier
2023102669,2026-0704-02-01-07-02,2026-0517-08-03-08-04,2026-05-17,00059000,初期/未勝利相当,1,0,0,explicit/experimental prize tier
2023106476,2026-0704-02-01-07-02,2026-0523-04-01-07-05,2026-05-23,00041500,初期/未勝利相当,1,0,0,explicit/experimental prize tier
2022107254,2026-0704-02-01-07-10,2026-0523-05-02-09-12,2026-05-23,00119000,2勝以上,1,1,1,explicit/experimental prize tier
2023100610,2026-0704-02-01-07-04,2026-0523-08-03-09-03,2026-05-23,00059000,初期/未勝利相当,1,0,0,explicit/experimental prize tier
2023102151,2026-0704-02-01-07-04,2026-0523-08-03-09-03,2026-05-23,00059000,初期/未勝利相当,1,0,0,explicit/experimental prize tier
2023105608,2026-0704-02-01-07-03,2026-0524-05-02-10-01,2026-05-24,00059000,初期/未勝利相当,1,0,0,explicit/experimental prize tier
2023103518,2026-0704-02-01-07-04,2026-0524-05-02-10-03,2026-05-24,00059000,初期/未勝利相当,1,0,0,explicit/experimental prize tier
2022103778,2026-0704-02-01-07-10,2026-0524-05-02-10-08,2026-05-24,00158000,2勝以上,1,1,1,explicit/experimental prize tier
2023105537,2026-0704-02-01-07-02,2026-0524-08-03-10-03,2026-05-24,00059000,初期/未勝利相当,1,0,0,explicit/experimental prize tier
2023102402,2026-0704-02-01-07-04,2026-0530-05-02-11-03,2026-05-30,00059000,初期/未勝利相当,1,0,0,explicit/experimental prize tier
2023106965,2026-0704-02-01-07-04,2026-0530-05-02-11-03,2026-05-30,00059000,初期/未勝利相当,1,0,0,explicit/experimental prize tier
2020100060,2026-0704-02-01-07-10,2026-0530-05-02-11-12,2026-05-30,00119000,2勝以上,1,1,1,explicit/experimental prize tier
2023103668,2026-0704-02-01-07-04,2026-0531-05-02-12-02,2026-05-31,00059000,初期/未勝利相当,1,0,0,explicit/experimental prize tier
2022102135,2026-0704-02-01-07-09,2026-0531-05-02-12-06,2026-05-31,00082000,1勝以上,1,1,0,explicit/experimental prize tier
2023104679,2026-0704-02-01-07-02,2026-0606-05-03-01-02,2026-06-06,00058000,初期/未勝利相当,1,0,0,explicit/experimental prize tier
2023105268,2026-0704-02-01-07-03,2026-0606-05-03-01-02,2026-06-06,00058000,初期/未勝利相当,1,0,0,explicit/experimental prize tier
2023106726,2026-0704-02-01-07-06,2026-0606-05-03-01-06,2026-06-06,00058000,初期/未勝利相当,1,0,0,explicit/experimental prize tier
2023104347,2026-0704-02-01-07-03,2026-0606-05-03-01-07,2026-06-06,00058000,初期/未勝利相当,1,0,0,explicit/experimental prize tier
2023103441,2026-0704-02-01-07-06,2026-0606-09-03-01-06,2026-06-06,00058000,初期/未勝利相当,1,0,0,explicit/experimental prize tier
2023104632,2026-0704-02-01-07-03,2026-0607-05-03-02-02,2026-06-07,00058000,初期/未勝利相当,1,0,0,explicit/experimental prize tier
2023105797,2026-0704-02-01-07-04,2026-0607-05-03-02-04,2026-06-07,00058000,初期/未勝利相当,1,0,0,explicit/experimental prize tier
2023101796,2026-0704-02-01-07-03,2026-0613-02-01-01-02,2026-06-13,00058000,初期/未勝利相当,1,0,0,explicit/experimental prize tier
2024100255,2026-0704-02-01-07-01,2026-0613-02-01-01-05,2026-06-13,00078000,1勝以上,1,1,0,explicit/experimental prize tier
2024106248,2026-0704-02-01-07-01,2026-0613-02-01-01-05,2026-06-13,00078000,1勝以上,1,1,0,explicit/experimental prize tier
2023106623,2026-0704-02-01-07-03,2026-0613-05-03-03-01,2026-06-13,00058000,初期/未勝利相当,1,0,0,explicit/experimental prize tier
2023100637,2026-0704-02-01-07-06,2026-0613-05-03-03-07,2026-06-13,00058000,初期/未勝利相当,1,0,0,explicit/experimental prize tier
2023105537,2026-0704-02-01-07-02,2026-0613-09-03-03-04,2026-06-13,00058000,初期/未勝利相当,1,0,0,explicit/experimental prize tier
2023100609,2026-0704-02-01-07-03,2026-0614-02-01-02-02,2026-06-14,00058000,初期/未勝利相当,1,0,0,explicit/experimental prize tier
2023101046,2026-0704-02-01-07-06,2026-0614-02-01-02-02,2026-06-14,00058000,初期/未勝利相当,1,0,0,explicit/experimental prize tier
2023103372,2026-0704-02-01-07-02,2026-0614-02-01-02-02,2026-06-14,00058000,初期/未勝利相当,1,0,0,explicit/experimental prize tier
2023101143,2026-0704-02-01-07-07,2026-0614-02-01-02-03,2026-06-14,00058000,初期/未勝利相当,1,0,0,explicit/experimental prize tier
2023101598,2026-0704-02-01-07-02,2026-0614-02-01-02-04,2026-06-14,00058000,初期/未勝利相当,1,0,0,explicit/experimental prize tier
2023106438,2026-0704-02-01-07-02,2026-0614-02-01-02-04,2026-06-14,00058000,初期/未勝利相当,1,0,0,explicit/experimental prize tier
2023109031,2026-0704-02-01-07-07,2026-0614-02-01-02-04,2026-06-14,00058000,初期/未勝利相当,1,0,0,explicit/experimental prize tier
2024106810,2026-0704-02-01-07-01,2026-0614-02-01-02-05,2026-06-14,00078000,1勝以上,1,1,0,explicit/experimental prize tier
2024107158,2026-0704-02-01-07-01,2026-0614-02-01-02-05,2026-06-14,00078000,1勝以上,1,1,0,explicit/experimental prize tier
2023106148,2026-0704-02-01-07-02,2026-0614-02-01-02-06,2026-06-14,00058000,初期/未勝利相当,1,0,0,explicit/experimental prize tier
2023106285,2026-0704-02-01-07-02,2026-0614-02-01-02-06,2026-06-14,00058000,初期/未勝利相当,1,0,0,explicit/experimental prize tier
2023106454,2026-0704-02-01-07-02,2026-0614-02-01-02-06,2026-06-14,00058000,初期/未勝利相当,1,0,0,explicit/experimental prize tier
2019106416,2026-0704-02-01-07-09,2026-0614-02-01-02-09,2026-06-14,00114000,2勝以上,1,1,1,explicit/experimental prize tier
2022102308,2026-0704-02-01-07-10,2026-0614-02-01-02-10,2026-06-14,00158000,2勝以上,1,1,1,explicit/experimental prize tier
2022102828,2026-0704-02-01-07-10,2026-0614-02-01-02-10,2026-06-14,00158000,2勝以上,1,1,1,explicit/experimental prize tier
2022102905,2026-0704-02-01-07-10,2026-0614-02-01-02-10,2026-06-14,00158000,2勝以上,1,1,1,explicit/experimental prize tier
2023100937,2026-0704-02-01-07-10,2026-0614-02-01-02-12,2026-06-14,00082000,1勝以上,1,1,0,explicit/experimental prize tier
2023104933,2026-0704-02-01-07-04,2026-0620-02-01-03-01,2026-06-20,00058000,初期/未勝利相当,1,0,0,explicit/experimental prize tier
2023101091,2026-0704-02-01-07-06,2026-0620-02-01-03-02,2026-06-20,00058000,初期/未勝利相当,1,0,0,explicit/experimental prize tier
2023103024,2026-0704-02-01-07-03,2026-0620-02-01-03-02,2026-06-20,00058000,初期/未勝利相当,1,0,0,explicit/experimental prize tier
2023103771,2026-0704-02-01-07-03,2026-0620-02-01-03-02,2026-06-20,00058000,初期/未勝利相当,1,0,0,explicit/experimental prize tier
2023105555,2026-0704-02-01-07-03,2026-0620-02-01-03-02,2026-06-20,00058000,初期/未勝利相当,1,0,0,explicit/experimental prize tier
2023101812,2026-0704-02-01-07-02,2026-0620-02-01-03-03,2026-06-20,00058000,初期/未勝利相当,1,0,0,explicit/experimental prize tier
2023104338,2026-0704-02-01-07-03,2026-0620-02-01-03-03,2026-06-20,00058000,初期/未勝利相当,1,0,0,explicit/experimental prize tier
2023101796,2026-0704-02-01-07-03,2026-0620-02-01-03-04,2026-06-20,00058000,初期/未勝利相当,1,0,0,explicit/experimental prize tier
2023103570,2026-0704-02-01-07-03,2026-0620-02-01-03-04,2026-06-20,00058000,初期/未勝利相当,1,0,0,explicit/experimental prize tier
2023103577,2026-0704-02-01-07-06,2026-0620-02-01-03-04,2026-06-20,00058000,初期/未勝利相当,1,0,0,explicit/experimental prize tier
2023104679,2026-0704-02-01-07-02,2026-0620-02-01-03-04,2026-06-20,00058000,初期/未勝利相当,1,0,0,explicit/experimental prize tier
2024107000,2026-0704-02-01-07-01,2026-0620-02-01-03-06,2026-06-20,00078000,1勝以上,1,1,0,explicit/experimental prize tier
2023101938,2026-0704-02-01-07-02,2026-0620-02-01-03-07,2026-06-20,00058000,初期/未勝利相当,1,0,0,explicit/experimental prize tier
2023100997,2026-0704-02-01-07-07,2026-0620-02-01-03-09,2026-06-20,00114000,2勝以上,1,1,1,explicit/experimental prize tier
2023105035,2026-0704-02-01-07-07,2026-0620-02-01-03-09,2026-06-20,00114000,2勝以上,1,1,1,explicit/experimental prize tier
2020105796,2026-0704-02-01-07-08,2026-0620-02-01-03-10,2026-06-20,00114000,2勝以上,1,1,1,explicit/experimental prize tier
2022104164,2026-0704-02-01-07-08,2026-0620-02-01-03-10,2026-06-20,00114000,2勝以上,1,1,1,explicit/experimental prize tier
2022104973,2026-0704-02-01-07-08,2026-0620-02-01-03-10,2026-06-20,00114000,2勝以上,1,1,1,explicit/experimental prize tier
2023105261,2026-0704-02-01-07-08,2026-0620-02-01-03-10,2026-06-20,00114000,2勝以上,1,1,1,explicit/experimental prize tier
2023103333,2026-0704-02-01-07-02,2026-0621-02-01-04-01,2026-06-21,00058000,初期/未勝利相当,1,0,0,explicit/experimental prize tier
2023105199,2026-0704-02-01-07-07,2026-0621-02-01-04-01,2026-06-21,00058000,初期/未勝利相当,1,0,0,explicit/experimental prize tier
2023101910,2026-0704-02-01-07-06,2026-0621-02-01-04-03,2026-06-21,00058000,初期/未勝利相当,1,0,0,explicit/experimental prize tier
2023101088,2026-0704-02-01-07-06,2026-0621-02-01-04-04,2026-06-21,00058000,初期/未勝利相当,1,0,0,explicit/experimental prize tier
2023102669,2026-0704-02-01-07-02,2026-0621-02-01-04-04,2026-06-21,00058000,初期/未勝利相当,1,0,0,explicit/experimental prize tier
2023104216,2026-0704-02-01-07-02,2026-0621-02-01-04-04,2026-06-21,00058000,初期/未勝利相当,1,0,0,explicit/experimental prize tier
2023106476,2026-0704-02-01-07-02,2026-0621-02-01-04-04,2026-06-21,00058000,初期/未勝利相当,1,0,0,explicit/experimental prize tier
2024104503,2026-0704-02-01-07-01,2026-0621-02-01-04-05,2026-06-21,00078000,1勝以上,1,1,0,explicit/experimental prize tier
2024106857,2026-0704-02-01-07-01,2026-0621-02-01-04-05,2026-06-21,00078000,1勝以上,1,1,0,explicit/experimental prize tier
2023101046,2026-0704-02-01-07-06,2026-0621-02-01-04-06,2026-06-21,00058000,初期/未勝利相当,1,0,0,explicit/experimental prize tier
2023101756,2026-0704-02-01-07-06,2026-0621-02-01-04-06,2026-06-21,00058000,初期/未勝利相当,1,0,0,explicit/experimental prize tier
2023104158,2026-0704-02-01-07-06,2026-0621-02-01-04-06,2026-06-21,00058000,初期/未勝利相当,1,0,0,explicit/experimental prize tier
2023105320,2026-0704-02-01-07-06,2026-0621-02-01-04-06,2026-06-21,00058000,初期/未勝利相当,1,0,0,explicit/experimental prize tier
2021105715,2026-0704-02-01-07-07,2026-0621-02-01-04-07,2026-06-21,00082000,1勝以上,1,1,0,explicit/experimental prize tier
2023103528,2026-0704-02-01-07-07,2026-0621-02-01-04-07,2026-06-21,00082000,1勝以上,1,1,0,explicit/experimental prize tier
2023106912,2026-0704-02-01-07-07,2026-0621-02-01-04-07,2026-06-21,00082000,1勝以上,1,1,0,explicit/experimental prize tier
2022105817,2026-0704-02-01-07-09,2026-0621-02-01-04-09,2026-06-21,00114000,2勝以上,1,1,1,explicit/experimental prize tier
2021102200,2026-0704-02-01-07-10,2026-0621-02-01-04-10,2026-06-21,00158000,2勝以上,1,1,1,explicit/experimental prize tier
2021105931,2026-0704-02-01-07-10,2026-0621-02-01-04-10,2026-06-21,00158000,2勝以上,1,1,1,explicit/experimental prize tier
2022103778,2026-0704-02-01-07-10,2026-0621-02-01-04-10,2026-06-21,00158000,2勝以上,1,1,1,explicit/experimental prize tier
2020100621,2026-0704-02-01-07-09,2026-0621-02-01-04-12,2026-06-21,00082000,1勝以上,1,1,0,explicit/experimental prize tier
2022105392,2026-0704-02-01-07-09,2026-0621-02-01-04-12,2026-06-21,00082000,1勝以上,1,1,0,explicit/experimental prize tier
2022106231,2026-0704-02-01-07-09,2026-0621-02-01-04-12,2026-06-21,00082000,1勝以上,1,1,0,explicit/experimental prize tier
2023102178,2026-0704-02-01-07-09,2026-0621-02-01-04-12,2026-06-21,00082000,1勝以上,1,1,0,explicit/experimental prize tier
2023103351,2026-0704-02-01-07-09,2026-0621-02-01-04-12,2026-06-21,00082000,1勝以上,1,1,0,explicit/experimental prize tier
2023101857,2026-0704-02-01-07-06,2026-0627-02-01-05-04,2026-06-27,00058000,初期/未勝利相当,1,0,0,explicit/experimental prize tier
2024103505,2026-0704-02-01-07-01,2026-0627-02-01-05-05,2026-06-27,00078000,1勝以上,1,1,0,explicit/experimental prize tier
2023104156,2026-0704-02-01-07-08,2026-0627-02-01-05-07,2026-06-27,00082000,1勝以上,1,1,0,explicit/experimental prize tier
2024106919,2026-0704-02-01-07-01,2026-0628-02-01-06-05,2026-06-28,00078000,1勝以上,1,1,0,explicit/experimental prize tier
2021102312,2026-0704-02-01-07-07,2026-0628-02-01-06-08,2026-06-28,00082000,1勝以上,1,1,0,explicit/experimental prize tier
2022102135,2026-0704-02-01-07-09,2026-0628-02-01-06-09,2026-06-28,00114000,2勝以上,1,1,1,explicit/experimental prize tier
