date,racecourse,race_name,horse_name,popularity,odds,ranker_win_probability,actual_rank,target,win_payout,place_payout
2025-09-21,阪神,,エブリモーメント,6,192.0,0.1708135685740003,6,0,0.0,0.0
2025-09-28,阪神,堺ステークス,メイショウフウドウ,7,175.0,0.1691585920299992,13,0,0.0,0.0
2025-10-04,京都,りんどう賞,ラスティングスノー,7,188.0,0.168117500928964,1,1,1880.0,420.0
2025-10-12,東京,鷹巣山特別,ストレイトトーカー,6,104.0,0.1934934048785028,5,0,0.0,0.0
2025-10-18,新潟,岩船特別,ラブカ,6,106.0,0.1935177815772238,10,0,0.0,0.0
2025-10-26,新潟,柏崎特別,ウインファヴォリ,12,296.0,0.1840893208528372,14,0,0.0,0.0
2025-10-26,新潟,ルミエールオータムダッシュ,フィオライア,10,245.0,0.2034003102347008,4,0,0.0,0.0
2025-11-01,京都,,ハイウェイスター,6,235.0,0.3573273856887738,6,0,0.0,0.0
2025-11-02,京都,まほろばステークス,シンフォーエバー,6,94.0,0.1504598337415254,15,0,0.0,0.0
2025-11-08,福島,キビタキステークス,トーセンエスクード,7,104.0,0.1819892921508683,2,0,0.0,280.0
2025-11-15,京都,アンドロメダステークス,ブレイヴロッカー,10,273.0,0.1648513331113832,10,0,0.0,0.0
2025-11-24,東京,東京スポーツ杯２歳ステークス,コッツォリーノ,8,214.0,0.142962708282776,10,0,0.0,0.0
2025-12-07,中京,チャンピオンズカップ,ルクソールカフェ,6,107.0,0.2847696074850732,15,0,0.0,0.0
2025-12-07,阪神,,オンザブルースカイ,9,234.0,0.1468640057046063,13,0,0.0,0.0
2025-12-20,阪神,,ウィズユアドリーム,7,170.0,0.2246736658300394,10,0,0.0,0.0
2025-12-21,中山,,ハワイアンタイム,7,286.0,0.1421718444451657,12,0,0.0,0.0
2025-12-21,中京,寒椿賞,オクトーバーナイン,8,255.0,0.1897054594500288,9,0,0.0,0.0
2025-12-21,中京,尾張特別,ビップジーニー,9,196.0,0.1352562354380477,18,0,0.0,0.0
2026-01-04,中山,,スリーピース,6,82.0,0.2030647783070271,1,1,820.0,210.0
2026-01-05,中山,,ユメシルベ,7,144.0,0.1819913772968851,4,0,0.0,0.0
2026-01-05,京都,,スペシャルナンバー,6,84.0,0.1689032770775904,3,0,0.0,220.0
2026-01-10,中山,,ファルコンミノル,7,122.0,0.1400801839564768,3,0,0.0,300.0
2026-01-11,中山,ポルックスステークス,ミスティックロア,9,164.0,0.168054334151283,6,0,0.0,0.0
2026-01-12,京都,,イフリーティア,6,127.0,0.2371802916827872,9,0,0.0,0.0
2026-01-17,中山,,レインボーラッキー,7,135.0,0.1626358762692464,10,0,0.0,0.0
2026-01-25,小倉,響灘特別,ライフゲート,6,108.0,0.1451516368224811,4,0,0.0,0.0
2026-01-31,小倉,有田特別,ミッキーマカパ,6,103.0,0.194631597596386,8,0,0.0,0.0
2026-02-07,小倉,,ケイアイサンデラ,6,120.0,0.2698111675279684,11,0,0.0,0.0
2026-02-10,東京,東京新聞杯,ブエナオンダ,8,232.0,0.1166615155661928,15,0,0.0,0.0
2026-02-10,京都,石清水ステークス,サヴォンリンナ,6,97.0,0.1656291094693009,7,0,0.0,0.0
2026-02-14,東京,デイリー杯クイーンカップ,ニシノサリーナ,6,158.0,0.123053139477775,15,0,0.0,0.0
2026-02-14,小倉,下関ステークス,ジュンヴァンケット,7,124.0,0.163986330558496,8,0,0.0,0.0
2026-02-21,東京,,マカイゾウ,11,385.0,0.127398843231778,12,0,0.0,0.0
2026-02-22,阪神,,ダノンフェルゼン,7,114.0,0.1545591252343376,11,0,0.0,0.0
2026-02-22,小倉,和布刈特別,スマートスピア,7,108.0,0.1392306085833383,2,0,0.0,350.0
2026-02-28,小倉,,リピ,9,401.0,0.1619156413378757,12,0,0.0,0.0
2026-03-01,中山,,シャーンゴッセ,6,134.0,0.1260711117254249,6,0,0.0,0.0
2026-03-07,中山,,ユーティジャーニー,10,368.0,0.1471535658548248,4,0,0.0,0.0
2026-03-08,阪神,大阪城ステークス,テリオスララ,6,86.0,0.1358778237059145,10,0,0.0,0.0
2026-03-15,中京,,ウインマスカレード,9,163.0,0.1358909996734716,15,0,0.0,0.0
2026-03-22,中山,千葉ステークス,メイショウホウレン,6,135.0,0.138481697985444,12,0,0.0,0.0
2026-03-22,中京,愛知杯,ワイドラトゥール,7,119.0,0.0964978780281809,4,0,0.0,0.0
2026-03-22,阪神,レグルスステークス,ハギノサステナブル,7,133.0,0.119328186765272,4,0,0.0,0.0
2026-03-28,中京,,エンベッカ,6,103.0,0.1261364486409473,13,0,0.0,0.0
2026-03-29,中京,,ユーティジャーニー,6,115.0,0.1596399662651167,11,0,0.0,0.0
2026-04-04,中山,ダービー卿チャレンジトロフィー,ジュンブロッサム,12,170.0,0.1211603326241152,11,0,0.0,0.0
2026-04-11,福島,花見山特別,ハニーローリエ,7,190.0,0.1537412750242084,3,0,0.0,270.0
2026-04-12,福島,喜多方特別,リクエイ,11,202.0,0.1385975095560973,8,0,0.0,0.0
2026-04-25,東京,鎌倉ステークス,シャパリュ,8,239.0,0.1568036288661671,10,0,0.0,0.0
2026-04-25,京都,,ワザオギ,6,97.0,0.2054801551723568,13,0,0.0,0.0
2026-05-03,東京,,ユキノグラス,8,238.0,0.1826496203688841,11,0,0.0,0.0
2026-05-03,京都,東大路ステークス,スニーカースキル,7,179.0,0.1505452685990415,2,0,0.0,420.0
2026-05-17,新潟,,トーアマリシテン,7,151.0,0.1496165502645595,2,0,0.0,260.0
2026-05-23,京都,メルボルントロフィー,ペイシャシス,6,145.0,0.2362745919326982,4,0,0.0,0.0
2026-05-24,京都,,アンソニー,6,150.0,0.1374993699145026,9,0,0.0,0.0
2026-05-24,京都,,ノボリリア,8,118.0,0.1593808160158465,6,0,0.0,0.0
2026-05-30,京都,葵ステークス,ヒシアイラ,6,88.0,0.1308069312096614,2,0,0.0,290.0
2026-06-07,東京,,モティスフォント,6,109.0,0.1792319836112032,7,0,0.0,0.0
2026-06-07,阪神,,ハッピーラブソング,10,488.0,0.1949549168108595,15,0,0.0,0.0
2026-06-14,函館,,フレンズプラス,7,160.0,0.2174252422819001,5,0,0.0,0.0
2026-06-20,阪神,,ロードヴェリタス,8,170.0,0.1564463070517233,6,0,0.0,0.0
2026-06-27,小倉,薩摩ステークス,アレナパラシオ,6,93.0,0.1810219190419458,4,0,0.0,0.0
2026-06-28,函館,農林水産省賞典　函館記念,デビットバローズ,8,105.0,0.1535488793903465,11,0,0.0,0.0
2026-06-28,函館,湯の川温泉特別,クリエープキー,8,160.0,0.1710741825551846,1,1,1600.0,470.0
2026-06-28,福島,ラジオＮＩＫＫＥＩ賞,スカイスプレンダー,7,138.0,0.1660255844518425,16,0,0.0,0.0
2026-06-28,福島,,クアロアランチ,7,130.0,0.2412015604019617,4,0,0.0,0.0
2026-07-12,函館,巴賞,タシット,10,244.0,0.1610726935677821,7,0,0.0,0.0
2026-07-18,函館,,ウィズマスタング,6,96.0,0.2194947860948884,12,0,0.0,0.0
2026-07-18,福島,,ブルズアイプリンス,8,172.0,0.1821271583695562,10,0,0.0,0.0
2026-07-18,小倉,,トゥデイイズザデイ,6,92.0,0.3008212878444993,8,0,0.0,0.0
2026-07-26,新潟,,エテオクロス,6,180.0,0.1512007714922396,5,0,0.0,0.0
2026-07-26,中京,,フルールジェンヌ,6,80.0,0.2134276691072365,5,0,0.0,0.0
2026-08-02,札幌,,ココデイック,8,119.0,0.175261895722451,7,0,0.0,0.0
2026-08-02,新潟,,サトノフェンサー,6,136.0,0.190516777633418,13,0,0.0,0.0
2026-08-09,札幌,石狩特別,グランセゾン,6,115.0,0.2151342817003146,2,0,0.0,250.0
